smiles,logSolubility,ROMol,n_Atoms
N#CC(OC1OC(COC2OC(CO)C(O)C(O)C2O)C(O)C(O)C1O)c1ccccc1,-0.77,<rdkit.Chem.rdchem.Mol object at 0x15206cced510>,32
Cc1occc1C(=O)Nc1ccccc1,-3.3,<rdkit.Chem.rdchem.Mol object at 0x15206cced580>,15
CC(C)=CCCC(C)=CC=O,-2.06,<rdkit.Chem.rdchem.Mol object at 0x15206cced5f0>,11
c1ccc2c(c1)ccc1c2ccc2c3ccccc3ccc21,-7.87,<rdkit.Chem.rdchem.Mol object at 0x15206cced660>,22
c1ccsc1,-1.33,<rdkit.Chem.rdchem.Mol object at 0x15206cced6d0>,5
c1ccc2scnc2c1,-1.5,<rdkit.Chem.rdchem.Mol object at 0x15206cced740>,9
Clc1cc(Cl)c(-c2c(Cl)cccc2Cl)c(Cl)c1,-7.32,<rdkit.Chem.rdchem.Mol object at 0x15206cced7b0>,17
CC12CCC3c4ccc(O)cc4CCC3C1CCC2O,-5.03,<rdkit.Chem.rdchem.Mol object at 0x15206cced820>,20
ClC1=C(Cl)C2(Cl)C3C4CC(C5OC45)C3C1(Cl)C2(Cl)Cl,-6.29,<rdkit.Chem.rdchem.Mol object at 0x15206cced890>,19
C=C(C)C1Cc2c(ccc3c2OC2COc4cc(OC)c(OC)cc4C2C3=O)O1,-4.42,<rdkit.Chem.rdchem.Mol object at 0x15206cced900>,29
O=C1CCCN1,1.07,<rdkit.Chem.rdchem.Mol object at 0x15206cced970>,6
Clc1ccc2ccccc2c1,-4.14,<rdkit.Chem.rdchem.Mol object at 0x15206cced9e0>,11
C=CCCC,-2.68,<rdkit.Chem.rdchem.Mol object at 0x15206cceda50>,5
CCC1(c2ccccc2)C(=O)NCNC1=O,-2.64,<rdkit.Chem.rdchem.Mol object at 0x15206ccedac0>,16
CCCCCCCCCCCCCC,-7.96,<rdkit.Chem.rdchem.Mol object at 0x15206ccedb30>,14
CC(C)Cl,-1.41,<rdkit.Chem.rdchem.Mol object at 0x15206ccedba0>,4
CCC(C)CO,-0.47,<rdkit.Chem.rdchem.Mol object at 0x15206ccedc10>,6
N#Cc1ccccc1,-1.0,<rdkit.Chem.rdchem.Mol object at 0x15206ccedc80>,8
CCOP(=S)(OCC)Oc1cc(C)nc(C(C)C)n1,-3.64,<rdkit.Chem.rdchem.Mol object at 0x15206ccedcf0>,19
CCCCCCCCCC(C)O,-2.94,<rdkit.Chem.rdchem.Mol object at 0x15206ccedd60>,12
Clc1ccc(-c2c(Cl)ccc(Cl)c2Cl)c(Cl)c1,-7.43,<rdkit.Chem.rdchem.Mol object at 0x15206cceddd0>,17
O=c1[nH]c2c(c(=O)n1C1CCCCC1)CCC2,-4.593999999999999,<rdkit.Chem.rdchem.Mol object at 0x15206ccede40>,17
CCOP(=S)(OCC)SCSCC,-4.11,<rdkit.Chem.rdchem.Mol object at 0x15206ccedeb0>,13
CCOc1ccc(NC(C)=O)cc1,-2.35,<rdkit.Chem.rdchem.Mol object at 0x15206ccedf20>,13
CCN(CC)c1c([N+](=O)[O-])cc(C(F)(F)F)c(N)c1[N+](=O)[O-],-5.47,<rdkit.Chem.rdchem.Mol object at 0x15206ccedf90>,22
CCCCCCCO,-1.81,<rdkit.Chem.rdchem.Mol object at 0x15206cc98040>,8
Cn1c(=O)c2[nH]cnc2n(C)c1=O,-1.39,<rdkit.Chem.rdchem.Mol object at 0x15206cc980b0>,13
CCCCC1(CC)C(=O)NC(=O)NC1=O,-1.661,<rdkit.Chem.rdchem.Mol object at 0x15206cc98120>,15
ClC(Cl)=C(c1ccc(Cl)cc1)c1ccc(Cl)cc1,-6.9,<rdkit.Chem.rdchem.Mol object at 0x15206cc98190>,18
CCCCCCCC(=O)OC,-3.17,<rdkit.Chem.rdchem.Mol object at 0x15206cc98200>,11
CCc1ccc(CC)cc1,-3.75,<rdkit.Chem.rdchem.Mol object at 0x15206cc98270>,10
CCOP(=S)(OCC)SCSC(C)(C)C,-4.755,<rdkit.Chem.rdchem.Mol object at 0x15206cc982e0>,15
COC(=O)Nc1cccc(OC(=O)Nc2cccc(C)c2)c1,-4.805,<rdkit.Chem.rdchem.Mol object at 0x15206cc98350>,22
C=C(Cl)Cl,-1.64,<rdkit.Chem.rdchem.Mol object at 0x15206cc983c0>,4
Cc1cccc2c1Cc1ccccc1-2,-5.22,<rdkit.Chem.rdchem.Mol object at 0x15206cc98430>,14
CCCCC=O,-0.85,<rdkit.Chem.rdchem.Mol object at 0x15206cc984a0>,6
c1ccc(Nc2ccccc2)cc1,-3.504,<rdkit.Chem.rdchem.Mol object at 0x15206cc98510>,13
CN(C)C(=O)SCCCCOc1ccccc1,-3.927,<rdkit.Chem.rdchem.Mol object at 0x15206cc98580>,17
CCCOP(=S)(OCCC)SCC(=O)N1CCCCC1C,-4.15,<rdkit.Chem.rdchem.Mol object at 0x15206cc985f0>,21
CCCCCCCI,-4.81,<rdkit.Chem.rdchem.Mol object at 0x15206cc98660>,8
Clc1cccc(-c2ccccc2)c1,-4.88,<rdkit.Chem.rdchem.Mol object at 0x15206cc986d0>,13
C=CCCCO,-0.15,<rdkit.Chem.rdchem.Mol object at 0x15206cc98740>,6
O=C1NC(=O)C2(CCC2)C(=O)N1,-1.655,<rdkit.Chem.rdchem.Mol object at 0x15206cc987b0>,12
CC1CCC(C(C)C)C(O)C1,-2.53,<rdkit.Chem.rdchem.Mol object at 0x15206cc98820>,11
CC(C)OC=O,-0.63,<rdkit.Chem.rdchem.Mol object at 0x15206cc98890>,6
CCCCCC(C)O,-1.55,<rdkit.Chem.rdchem.Mol object at 0x15206cc98900>,8
CC(=O)Nc1ccc(Br)cc1,-3.083,<rdkit.Chem.rdchem.Mol object at 0x15206cc98970>,11
Nc1cnn(-c2ccccc2)c(=O)c1Br,-3.127,<rdkit.Chem.rdchem.Mol object at 0x15206cc989e0>,15
COC(=O)C1=C(C)NC(C)=C(C(=O)OC)C1c1ccccc1[N+](=O)[O-],-4.76,<rdkit.Chem.rdchem.Mol object at 0x15206cc98a50>,25
Cc1ccc2ccc(C)nc2c1,-1.94,<rdkit.Chem.rdchem.Mol object at 0x15206cc98ac0>,12
C#CCCCCCC,-3.66,<rdkit.Chem.rdchem.Mol object at 0x15206cc98b30>,8
CCC1(C2=CCCCC2)C(=O)NC(=O)NC1=O,-2.17,<rdkit.Chem.rdchem.Mol object at 0x15206cc98ba0>,17
c1ccc2c(c1)ccc1c3ccccc3ccc21,-8.057,<rdkit.Chem.rdchem.Mol object at 0x15206cc98c10>,18
CCC(C)n1c(=O)[nH]c(C)c(Br)c1=O,-2.523,<rdkit.Chem.rdchem.Mol object at 0x15206cc98c80>,14
Clc1cccc(-c2c(Cl)c(Cl)cc(Cl)c2Cl)c1Cl,-8.6,<rdkit.Chem.rdchem.Mol object at 0x15206cc98cf0>,18
Cc1ccccc1O,-0.62,<rdkit.Chem.rdchem.Mol object at 0x15206cc98d60>,8
CC(C)CCC(C)(C)C,-5.05,<rdkit.Chem.rdchem.Mol object at 0x15206cc98dd0>,9
Cc1ccc(C)c2ccccc12,-4.14,<rdkit.Chem.rdchem.Mol object at 0x15206cc98e40>,12
Cc1cc2c3ccccc3ccc2c2ccccc12,-6.57,<rdkit.Chem.rdchem.Mol object at 0x15206cc98eb0>,19
CCCC(C)=O,-0.19,<rdkit.Chem.rdchem.Mol object at 0x15206cc98f20>,6
Clc1cc(Cl)c(Cl)c(-c2c(Cl)c(Cl)cc(Cl)c2Cl)c1Cl,-9.15,<rdkit.Chem.rdchem.Mol object at 0x15206cc98f90>,20
CCCOC(=O)CC,-0.82,<rdkit.Chem.rdchem.Mol object at 0x15206cc99040>,8
CC12C=CC(=O)C=C1CCC1C3CC(O)C(O)(C(=O)CO)C3(C)CC(O)C12F,-3.68,<rdkit.Chem.rdchem.Mol object at 0x15206cc990b0>,28
Nc1ccc(O)cc1,-0.8,<rdkit.Chem.rdchem.Mol object at 0x15206cc99120>,8
O=C(Cn1ccnc1[N+](=O)[O-])NCc1ccccc1,-2.81,<rdkit.Chem.rdchem.Mol object at 0x15206cc99190>,19
O=C1C(O)=C(C2CCC(c3ccc(Cl)cc3)CC2)C(=O)c2ccccc21,-5.931,<rdkit.Chem.rdchem.Mol object at 0x15206cc99200>,26
CCNc1nc(Cl)nc(N(CC)CC)n1,-4.06,<rdkit.Chem.rdchem.Mol object at 0x15206cc99270>,15
NC(=O)c1cnccn1,-0.667,<rdkit.Chem.rdchem.Mol object at 0x15206cc992e0>,9
CCC(Br)(CC)C(=O)NC(N)=O,-2.68,<rdkit.Chem.rdchem.Mol object at 0x15206cc99350>,12
Clc1ccccc1-c1ccccc1Cl,-5.27,<rdkit.Chem.rdchem.Mol object at 0x15206cc993c0>,14
O=C1CN(N=Cc2ccc([N+](=O)[O-])o2)C(=O)N1,-3.38,<rdkit.Chem.rdchem.Mol object at 0x15206cc99430>,17
O=[N+]([O-])c1ccc(Oc2ccc(Cl)cc2Cl)cc1,-5.46,<rdkit.Chem.rdchem.Mol object at 0x15206cc994a0>,18
CC12CCC(CC1=O)C2(C)C,-1.96,<rdkit.Chem.rdchem.Mol object at 0x15206cc99510>,11
C=CCC1(c2ccccc2)C(=O)NC(=O)NC1=O,-2.369,<rdkit.Chem.rdchem.Mol object at 0x15206cc99580>,18
CCCCC(=O)OCC,-2.25,<rdkit.Chem.rdchem.Mol object at 0x15206cc995f0>,9
CC(=O)OCCC(C)C,-1.92,<rdkit.Chem.rdchem.Mol object at 0x15206cc99660>,9
CCCCCC(=O)OCN1C(=O)NC(c2ccccc2)(c2ccccc2)C1=O,-5.886,<rdkit.Chem.rdchem.Mol object at 0x15206cc996d0>,28
Clc1cccc(-c2cc(Cl)ccc2Cl)c1,-6.01,<rdkit.Chem.rdchem.Mol object at 0x15206cc99740>,15
CCCBr,-1.73,<rdkit.Chem.rdchem.Mol object at 0x15206cc997b0>,4
CCCC1COC(Cn2cncn2)(c2ccc(Cl)cc2Cl)O1,-3.4930000000000003,<rdkit.Chem.rdchem.Mol object at 0x15206cc99820>,22
COP(=S)(OC)SCC(=O)N(C)C=O,-1.995,<rdkit.Chem.rdchem.Mol object at 0x15206cc99890>,14
Cc1ncnc2nccnc12,-0.466,<rdkit.Chem.rdchem.Mol object at 0x15206cc99900>,11
NC(N)=S,0.32,<rdkit.Chem.rdchem.Mol object at 0x15206cc99970>,4
Cc1ccc(C)cc1,-2.77,<rdkit.Chem.rdchem.Mol object at 0x15206cc999e0>,8
CCc1ccccc1CC,-3.28,<rdkit.Chem.rdchem.Mol object at 0x15206cc99a50>,10
ClC(Cl)(Cl)C(Cl)(Cl)Cl,-3.67,<rdkit.Chem.rdchem.Mol object at 0x15206cc99ac0>,8
CC(C)C(C(=O)OC(C#N)c1cccc(Oc2ccccc2)c1)c1ccc(OC(F)F)cc1,-6.876,<rdkit.Chem.rdchem.Mol object at 0x15206cc99b30>,33
CCC[N+](=O)[O-],-0.8,<rdkit.Chem.rdchem.Mol object at 0x15206cc99ba0>,6
CC1CCC(C(C)C)C(=O)C1,-2.35,<rdkit.Chem.rdchem.Mol object at 0x15206cc99c10>,11
CCN1c2cc(Cl)ccc2NC(=O)c2cccnc21,-5.36,<rdkit.Chem.rdchem.Mol object at 0x15206cc99c80>,19
O=[N+]([O-])c1cccc(Cl)c1Cl,-3.48,<rdkit.Chem.rdchem.Mol object at 0x15206cc99cf0>,11
C=CCC1(C(C)CCC)C(=O)NC(=S)NC1=O,-3.46,<rdkit.Chem.rdchem.Mol object at 0x15206cc99d60>,17
c1ccc2c(c1)-c1cccc3cccc-2c13,-6.0,<rdkit.Chem.rdchem.Mol object at 0x15206cc99dd0>,16
CCCOC(C)C,-1.34,<rdkit.Chem.rdchem.Mol object at 0x15206cc99e40>,7
Cc1cc(C)c2ccccc2c1,-4.29,<rdkit.Chem.rdchem.Mol object at 0x15206cc99eb0>,12
CCC(=C(CC)c1ccc(O)cc1)c1ccc(O)cc1,-4.07,<rdkit.Chem.rdchem.Mol object at 0x15206cc99f20>,20
N#Cc1c(Cl)c(Cl)c(Cl)c(C#N)c1Cl,-5.64,<rdkit.Chem.rdchem.Mol object at 0x15206cc99f90>,14
Clc1ccc(Cl)c(-c2ccc(Cl)c(Cl)c2)c1,-7.25,<rdkit.Chem.rdchem.Mol object at 0x15206cc9a040>,16
c1ccc(C2CO2)cc1,-1.6,<rdkit.Chem.rdchem.Mol object at 0x15206cc9a0b0>,9
CC(C)c1ccccc1,-3.27,<rdkit.Chem.rdchem.Mol object at 0x15206cc9a120>,9
CC12CCC(=O)C=C1CCC1C2CCC2(C)C(C(=O)CO)CCC12,-3.45,<rdkit.Chem.rdchem.Mol object at 0x15206cc9a190>,24
Clc1c(Cl)c(Cl)c2nccnc2c1Cl,-5.43,<rdkit.Chem.rdchem.Mol object at 0x15206cc9a200>,14
OC1COC(O)C(O)C1O,0.39,<rdkit.Chem.rdchem.Mol object at 0x15206cc9a270>,10
ClCCl,-0.63,<rdkit.Chem.rdchem.Mol object at 0x15206cc9a2e0>,3
CCc1cccc2ccccc12,-4.17,<rdkit.Chem.rdchem.Mol object at 0x15206cc9a350>,12
COC=O,0.58,<rdkit.Chem.rdchem.Mol object at 0x15206cc9a3c0>,4
O=[N+]([O-])c1ccccc1O,-1.74,<rdkit.Chem.rdchem.Mol object at 0x15206cc9a430>,10
Cc1c[nH]c(=O)[nH]c1=O,-1.506,<rdkit.Chem.rdchem.Mol object at 0x15206cc9a4a0>,9
CC(C)C,-2.55,<rdkit.Chem.rdchem.Mol object at 0x15206cc9a510>,4
OCC1OC(n2cnc3c(O)ncnc32)C(O)C1O,-1.23,<rdkit.Chem.rdchem.Mol object at 0x15206cc9a580>,19
N#Cc1cc(I)c(O)c(I)c1,-3.61,<rdkit.Chem.rdchem.Mol object at 0x15206cc9a5f0>,11
O=C(Nc1ccc([N+](=O)[O-])cc1Cl)c1cc(Cl)ccc1O,-4.7,<rdkit.Chem.rdchem.Mol object at 0x15206cc9a660>,21
CCCCC,-3.18,<rdkit.Chem.rdchem.Mol object at 0x15206cc9a6d0>,5
Oc1ccccc1,0.0,<rdkit.Chem.rdchem.Mol object at 0x15206cc9a740>,7
Nc1ccc2cc3ccccc3cc2c1,-5.17,<rdkit.Chem.rdchem.Mol object at 0x15206cc9a7b0>,15
Cn1cnc2c1c(=O)[nH]c(=O)n2C,-2.523,<rdkit.Chem.rdchem.Mol object at 0x15206cc9a820>,13
c1ccc2cnccc2c1,-1.45,<rdkit.Chem.rdchem.Mol object at 0x15206cc9a890>,10
COP(=S)(OC)SCC(=O)N(c1ccc(Cl)cc1)C(C)C,-4.432,<rdkit.Chem.rdchem.Mol object at 0x15206cc9a900>,21
CCCCCCc1ccccc1,-5.21,<rdkit.Chem.rdchem.Mol object at 0x15206cc9a970>,12
Clc1ccccc1-c1ccccc1,-4.54,<rdkit.Chem.rdchem.Mol object at 0x15206cc9a9e0>,13
C=C(C)CCC,-3.03,<rdkit.Chem.rdchem.Mol object at 0x15206cc9aa50>,6
CC(C)C(C)C(C)C,-4.8,<rdkit.Chem.rdchem.Mol object at 0x15206cc9aac0>,8
Clc1cc(Cl)c(Cl)c(Cl)c1Cl,-5.65,<rdkit.Chem.rdchem.Mol object at 0x15206cc9ab30>,11
O=[N+]([O-])c1cccc(O)c1,-1.01,<rdkit.Chem.rdchem.Mol object at 0x15206cc9aba0>,10
C=CCCCCCCCC,-5.51,<rdkit.Chem.rdchem.Mol object at 0x15206cc9ac10>,10
CC(=O)OCC(COC(C)=O)OC(C)=O,-0.6,<rdkit.Chem.rdchem.Mol object at 0x15206cc9ac80>,15
CCCCc1c(C)nc(N(C)C)nc1O,-2.24,<rdkit.Chem.rdchem.Mol object at 0x15206cc9acf0>,15
CC1(C)C(C=C(Cl)Cl)C1C(=O)OC(C#N)c1ccc(F)c(Oc2ccccc2)c1,-7.3370000000000015,<rdkit.Chem.rdchem.Mol object at 0x15206cc9ad60>,29
c1ccncc1,0.76,<rdkit.Chem.rdchem.Mol object at 0x15206cc9add0>,6
CCCCCCCBr,-4.43,<rdkit.Chem.rdchem.Mol object at 0x15206cc9ae40>,8
Cc1ccncc1C,0.36,<rdkit.Chem.rdchem.Mol object at 0x15206cc9aeb0>,8
CC12CCC(=O)C=C1CCC1C3CCC(O)(C(=O)CO)C3(C)CC(O)C12F,-3.43,<rdkit.Chem.rdchem.Mol object at 0x15206cc9af20>,27
CCSCc1ccccc1OC(=O)NC,-2.09,<rdkit.Chem.rdchem.Mol object at 0x15206cc9af90>,15
CCOC(=O)CC(=O)OCC,-0.82,<rdkit.Chem.rdchem.Mol object at 0x15206cc9b040>,11
C=C(C)C1CC=C(C)CC1,-4.26,<rdkit.Chem.rdchem.Mol object at 0x15206cc9b0b0>,10
c1ccc2c(c1)CCC2,-3.04,<rdkit.Chem.rdchem.Mol object at 0x15206cc9b120>,9
CC(C)(C)c1ccc(O)cc1,-2.41,<rdkit.Chem.rdchem.Mol object at 0x15206cc9b190>,11
O=C1NC(=O)C2(CC2)C(=O)N1,-1.886,<rdkit.Chem.rdchem.Mol object at 0x15206cc9b200>,11
Clc1cccc(I)c1,-3.55,<rdkit.Chem.rdchem.Mol object at 0x15206cc9b270>,8
Brc1cccc2ccccc12,-4.35,<rdkit.Chem.rdchem.Mol object at 0x15206cc9b2e0>,11
C/C=C/CC,-2.54,<rdkit.Chem.rdchem.Mol object at 0x15206cc9b350>,5
Cc1cccc(C)n1,0.45,<rdkit.Chem.rdchem.Mol object at 0x15206cc9b3c0>,8
ClC=C(Cl)Cl,-1.96,<rdkit.Chem.rdchem.Mol object at 0x15206cc9b430>,5
Nc1cccc2ccccc12,-1.92,<rdkit.Chem.rdchem.Mol object at 0x15206cc9b4a0>,11
Cc1cccc(C)c1,-2.82,<rdkit.Chem.rdchem.Mol object at 0x15206cc9b510>,8
Oc1ncc2nccnc2n1,-1.947,<rdkit.Chem.rdchem.Mol object at 0x15206cc9b580>,11
CO,1.57,<rdkit.Chem.rdchem.Mol object at 0x15206cc9b5f0>,2
CCC1(CCC(C)C)C(=O)NC(=O)NC1=O,-2.468,<rdkit.Chem.rdchem.Mol object at 0x15206cc9b660>,16
CCC(C)=O,0.52,<rdkit.Chem.rdchem.Mol object at 0x15206cc9b6d0>,5
O=c1[nH]cc(F)c(=O)[nH]1,-1.077,<rdkit.Chem.rdchem.Mol object at 0x15206cc9b740>,9
Nc1ncnc2c1ccn2C1OC(CO)C(O)C1O,-1.95,<rdkit.Chem.rdchem.Mol object at 0x15206cc9b7b0>,19
Oc1cccc(O)c1,0.81,<rdkit.Chem.rdchem.Mol object at 0x15206cc9b820>,8
CCCCCCO,-1.24,<rdkit.Chem.rdchem.Mol object at 0x15206cc9b890>,7
CCCCCCl,-2.73,<rdkit.Chem.rdchem.Mol object at 0x15206cc9b900>,6
C=CC=C,-1.87,<rdkit.Chem.rdchem.Mol object at 0x15206cc9b970>,4
CCCOC(C)=O,-0.72,<rdkit.Chem.rdchem.Mol object at 0x15206cc9b9e0>,7
Oc1ccc2c(c1)CCCC2,-1.99,<rdkit.Chem.rdchem.Mol object at 0x15206cc9ba50>,11
NC(=O)CCl,-0.02,<rdkit.Chem.rdchem.Mol object at 0x15206cc9bac0>,5
COP(=S)(OC)Oc1cc(Cl)c(I)cc1Cl,-6.62,<rdkit.Chem.rdchem.Mol object at 0x15206cc9bb30>,16
Cc1ccc(Cl)cc1,-3.08,<rdkit.Chem.rdchem.Mol object at 0x15206cc9bba0>,8
CSc1nnc(C(C)(C)C)c(=O)n1N,-2.253,<rdkit.Chem.rdchem.Mol object at 0x15206cc9bc10>,14
Cc1ccc(OP(=O)(Oc2cccc(C)c2)Oc2ccccc2C)cc1,-6.01,<rdkit.Chem.rdchem.Mol object at 0x15206cc9bc80>,26
CCCCCC=O,-1.3,<rdkit.Chem.rdchem.Mol object at 0x15206cc9bcf0>,7
CCCCOC(=O)c1ccc(N)cc1,-3.082,<rdkit.Chem.rdchem.Mol object at 0x15206cc9bd60>,14
Cc1ccc2c(c1)Oc1ncc(N)cc1C(=O)N2C,-3.043,<rdkit.Chem.rdchem.Mol object at 0x15206cc9bdd0>,19
CC(C)=CCC/C(C)=C\CO,-2.46,<rdkit.Chem.rdchem.Mol object at 0x15206cc9be40>,11
Clc1ccc(-c2ccccc2Cl)cc1,-5.28,<rdkit.Chem.rdchem.Mol object at 0x15206cc9beb0>,14
CCCCCCCC(=O)OCN1C(=O)NC(c2ccccc2)(c2ccccc2)C1=O,-6.523,<rdkit.Chem.rdchem.Mol object at 0x15206cc9bf20>,30
CC[N+](=O)[O-],-0.22,<rdkit.Chem.rdchem.Mol object at 0x15206cc9bf90>,5
C=C(C)CN(CC)c1c([N+](=O)[O-])cc(C(F)(F)F)cc1[N+](=O)[O-],-6.124,<rdkit.Chem.rdchem.Mol object at 0x15206cc9c040>,23
Clc1ccc(Cl)c(Cl)c1Cl,-4.57,<rdkit.Chem.rdchem.Mol object at 0x15206cc9c0b0>,10
CCCC(C)(COC(N)=O)COC(N)=O,-1.807,<rdkit.Chem.rdchem.Mol object at 0x15206cc9c120>,15
CC(=O)C1CCC2C3CC=C4CC(O)CCC4(C)C3CCC12C,-4.65,<rdkit.Chem.rdchem.Mol object at 0x15206cc9c190>,23
CI,-1.0,<rdkit.Chem.rdchem.Mol object at 0x15206cc9c200>,2
CC1CC(C)C(=O)C(C(O)CC2CC(=O)NC(=O)C2)C1,-1.13,<rdkit.Chem.rdchem.Mol object at 0x15206cc9c270>,20
CCCCCCC(=O)OCN1C(=O)NC(c2ccccc2)(c2ccccc2)C1=O,-6.301,<rdkit.Chem.rdchem.Mol object at 0x15206cc9c2e0>,29
CC1=CC(=O)CC(C)(C)C1,-1.06,<rdkit.Chem.rdchem.Mol object at 0x15206cc9c350>,10
CCC(C)C1(CC)C(=O)NC(=O)NC1=O,-2.39,<rdkit.Chem.rdchem.Mol object at 0x15206cc9c3c0>,15
CCCCC(=O)CCCC,-2.58,<rdkit.Chem.rdchem.Mol object at 0x15206cc9c430>,10
CCC1(c2ccccc2)CCC(=O)NC1=O,-2.337,<rdkit.Chem.rdchem.Mol object at 0x15206cc9c4a0>,16
CCC(C)CC,-3.68,<rdkit.Chem.rdchem.Mol object at 0x15206cc9c510>,6
CCOc1ccc(C(C)(C)COCc2cccc(Oc3ccccc3)c2)cc1,-8.6,<rdkit.Chem.rdchem.Mol object at 0x15206cc9c580>,28
Cc1ccccc1-n1c(C)nc2ccccc2c1=O,-2.925,<rdkit.Chem.rdchem.Mol object at 0x15206cc9c5f0>,19
N#CCCl,-0.092,<rdkit.Chem.rdchem.Mol object at 0x15206cc9c660>,4
CCOP(=S)(CC)Oc1cc(Cl)c(Cl)cc1Cl,-5.752000000000002,<rdkit.Chem.rdchem.Mol object at 0x15206cc9c6d0>,17
C#CC1(O)CCC2C3CCC4=CC(=O)CCC4(C)C3CCC21C,-5.66,<rdkit.Chem.rdchem.Mol object at 0x15206cc9c740>,23
c1ccnnc1,1.1,<rdkit.Chem.rdchem.Mol object at 0x15206cc9c7b0>,6
Clc1cc(Cl)c(Cl)c(Cl)c1,-4.63,<rdkit.Chem.rdchem.Mol object at 0x15206cc9c820>,10
CC1COC2CC3(C)C(CC4C5C=C6CC(O)CCC6(C)CC5CCC43C)OC2C1,-7.32,<rdkit.Chem.rdchem.Mol object at 0x15206cc9c890>,30
Nc1ccccc1O,-0.72,<rdkit.Chem.rdchem.Mol object at 0x15206cc9c900>,8
CCCCCCCCC(=O)OCC,-3.8,<rdkit.Chem.rdchem.Mol object at 0x15206cc9c970>,13
COCC(=O)N(c1c(C)cccc1C)C(C)C(=O)OC,-1.601,<rdkit.Chem.rdchem.Mol object at 0x15206cc9c9e0>,20
CNC(=O)Oc1ccccc1OC(C)C,-2.05,<rdkit.Chem.rdchem.Mol object at 0x15206cc9ca50>,15
CCC(C)Cl,-1.96,<rdkit.Chem.rdchem.Mol object at 0x15206cc9cac0>,5
Oc1ccc2ccccc2c1,-2.28,<rdkit.Chem.rdchem.Mol object at 0x15206cc9cb30>,11
CC(C)Oc1cc(-n2nc(C(C)(C)C)oc2=O)c(Cl)cc1Cl,-5.6960000000000015,<rdkit.Chem.rdchem.Mol object at 0x15206cc9cba0>,22
C#CCCCC,-2.36,<rdkit.Chem.rdchem.Mol object at 0x15206cc9cc10>,6
C#CCCCCCCC,-4.24,<rdkit.Chem.rdchem.Mol object at 0x15206cc9cc80>,9
Cc1ccccc1Cl,-3.52,<rdkit.Chem.rdchem.Mol object at 0x15206cc9ccf0>,8
CC(C)OC(C)C,-1.1,<rdkit.Chem.rdchem.Mol object at 0x15206cc9cd60>,7
Nc1ccc(S(=O)(=O)c2ccc(N)cc2)cc1,-3.094,<rdkit.Chem.rdchem.Mol object at 0x15206cc9cdd0>,17
CNN,1.34,<rdkit.Chem.rdchem.Mol object at 0x15206cc9ce40>,3
C#CC,-0.41,<rdkit.Chem.rdchem.Mol object at 0x15206cc9ceb0>,3
CCOP(=S)(OCC)ON=C(C#N)c1ccccc1,-4.862,<rdkit.Chem.rdchem.Mol object at 0x15206cc9cf20>,19
CCNP(=S)(OC)OC(C)=CC(=O)OC(C)C,-3.408,<rdkit.Chem.rdchem.Mol object at 0x15206cc9cf90>,17
C=CC=O,0.57,<rdkit.Chem.rdchem.Mol object at 0x15206cc9d040>,4
O=c1[nH]cnc2nc[nH]c12,-2.296,<rdkit.Chem.rdchem.Mol object at 0x15206cc9d0b0>,10
Oc1ccc2ncccc2c1,-2.16,<rdkit.Chem.rdchem.Mol object at 0x15206cc9d120>,11
Fc1ccccc1,-1.8,<rdkit.Chem.rdchem.Mol object at 0x15206cc9d190>,7
CCCCl,-1.47,<rdkit.Chem.rdchem.Mol object at 0x15206cc9d200>,4
CCOC(C)=O,-0.04,<rdkit.Chem.rdchem.Mol object at 0x15206cc9d270>,6
CCCC(C)(C)C,-4.36,<rdkit.Chem.rdchem.Mol object at 0x15206cc9d2e0>,7
Cc1cc(C)c(C)c(C)c1C,-4.0,<rdkit.Chem.rdchem.Mol object at 0x15206cc9d350>,11
CC12CCC(CC1)C(C)(C)O2,-1.64,<rdkit.Chem.rdchem.Mol object at 0x15206cc9d3c0>,11
CCCCOC(=O)CCCCCCCCC(=O)OCCCC,-3.896,<rdkit.Chem.rdchem.Mol object at 0x15206cc9d430>,22
Clc1ccc(-c2ccc(Cl)cc2)cc1,-6.56,<rdkit.Chem.rdchem.Mol object at 0x15206cc9d4a0>,14
Cc1cccnc1C,0.38,<rdkit.Chem.rdchem.Mol object at 0x15206cc9d510>,8
C=C(C)C1CC=C(C)C(=O)C1,-2.06,<rdkit.Chem.rdchem.Mol object at 0x15206cc9d580>,11
CCOP(=S)(OCC)SCSc1ccc(Cl)cc1,-5.7360000000000015,<rdkit.Chem.rdchem.Mol object at 0x15206cc9d5f0>,18
COc1cc(C2c3cc4c(cc3C(OC3OC5COC(C)OC5C(O)C3O)C3COC(=O)C23)OCO4)cc(OC)c1O,-3.571,<rdkit.Chem.rdchem.Mol object at 0x15206cc9d660>,42
c1cc2cccc3c4cccc5cccc(c(c1)c23)c54,-8.804,<rdkit.Chem.rdchem.Mol object at 0x15206cc9d6d0>,20
Cc1ccc([N+](=O)[O-])cc1[N+](=O)[O-],-2.82,<rdkit.Chem.rdchem.Mol object at 0x15206cc9d740>,13
Brc1ccc2ccccc2c1,-4.4,<rdkit.Chem.rdchem.Mol object at 0x15206cc9d7b0>,11
CNC(=O)Oc1cccc(N=CN(C)C)c1,-2.34,<rdkit.Chem.rdchem.Mol object at 0x15206cc9d820>,16
COc1cnc2ncncc2n1,-1.139,<rdkit.Chem.rdchem.Mol object at 0x15206cc9d890>,12
Cc1ccnc2c1NC(=O)c1cccnc1N2C1CC1,-3.19,<rdkit.Chem.rdchem.Mol object at 0x15206cc9d900>,20
CCOP(=S)(OCC)Oc1nc(Cl)n(C(C)C)n1,-3.658,<rdkit.Chem.rdchem.Mol object at 0x15206cc9d970>,18
C=CC(=C)C,-2.03,<rdkit.Chem.rdchem.Mol object at 0x15206cc9d9e0>,5
C=CC(C)(O)CCC=C(C)C,-1.99,<rdkit.Chem.rdchem.Mol object at 0x15206cc9da50>,11
COP(=S)(OC)Oc1ccc(SC)c(C)c1,-4.57,<rdkit.Chem.rdchem.Mol object at 0x15206cc9dac0>,16
OC1CCCCC1,-0.44,<rdkit.Chem.rdchem.Mol object at 0x15206cc9db30>,7
C=CCC1(C)C(=O)NC(=O)NC1=O,-1.16,<rdkit.Chem.rdchem.Mol object at 0x15206cc9dba0>,13
CC12CCC3C(CCC4CC(O)CCC43C)C1CCC2=O,-4.16,<rdkit.Chem.rdchem.Mol object at 0x15206cc9dc10>,21
OCC(O)C(O)C(O)C(O)CO,0.06,<rdkit.Chem.rdchem.Mol object at 0x15206cc9dc80>,12
Cc1ccc(-c2ccccc2)cc1,-4.62,<rdkit.Chem.rdchem.Mol object at 0x15206cc9dcf0>,13
CCNc1nc(Cl)nc(NC(C)C)n1,-3.85,<rdkit.Chem.rdchem.Mol object at 0x15206cc9dd60>,14
NC(=S)Nc1ccccc1,-1.77,<rdkit.Chem.rdchem.Mol object at 0x15206cc9ddd0>,10
CCCC(=O)CCC,-1.3,<rdkit.Chem.rdchem.Mol object at 0x15206cc9de40>,8
CC(=O)C(C)(C)C,-0.72,<rdkit.Chem.rdchem.Mol object at 0x15206cc9deb0>,7
Oc1ccc(Cl)cc1,-0.7,<rdkit.Chem.rdchem.Mol object at 0x15206cc9df20>,8
O=C1CCCCC1,-0.6,<rdkit.Chem.rdchem.Mol object at 0x15206cc9df90>,7
Cc1cccc(N)c1,-0.85,<rdkit.Chem.rdchem.Mol object at 0x15206cc9e040>,8
N#CC(Cl)(Cl)Cl,-2.168,<rdkit.Chem.rdchem.Mol object at 0x15206cc9e0b0>,6
CNc1cnn(-c2cccc(C(F)(F)F)c2)c(=O)c1Cl,-4.046,<rdkit.Chem.rdchem.Mol object at 0x15206cc9e120>,20
CCCCCCCCC(C)=O,-3.3,<rdkit.Chem.rdchem.Mol object at 0x15206cc9e190>,11
CCN(CC)c1nc(Cl)nc(NC(C)C)n1,-3.785,<rdkit.Chem.rdchem.Mol object at 0x15206cc9e200>,16
CCOC(=O)c1ccc(N)cc1,-2.616,<rdkit.Chem.rdchem.Mol object at 0x15206cc9e270>,12
Clc1ccc(Cl)c(Cl)c1,-3.59,<rdkit.Chem.rdchem.Mol object at 0x15206cc9e2e0>,9
Cc1nnc2n1-c1ccc(Cl)cc1C(c1ccccc1Cl)=NC2,-4.09,<rdkit.Chem.rdchem.Mol object at 0x15206cc9e350>,23
Oc1ccccc1O,0.62,<rdkit.Chem.rdchem.Mol object at 0x15206cc9e3c0>,8
CCN1c2ncccc2C(=O)N(C)c2cccnc21,-2.62,<rdkit.Chem.rdchem.Mol object at 0x15206cc9e430>,19
CSC,-0.45,<rdkit.Chem.rdchem.Mol object at 0x15206cc9e4a0>,3
Cc1ccccc1Br,-2.23,<rdkit.Chem.rdchem.Mol object at 0x15206cc9e510>,8
CCOC(N)=O,0.85,<rdkit.Chem.rdchem.Mol object at 0x15206cc9e580>,6
CC(=O)OC1(C(C)=O)CCC2C3C=C(C)C4=CC(=O)CCC4(C)C3CCC21C,-5.35,<rdkit.Chem.rdchem.Mol object at 0x15206cc9e5f0>,28
CC(C)C(O)C(C)C,-1.22,<rdkit.Chem.rdchem.Mol object at 0x15206cc9e660>,8
c1ccc2ccccc2c1,-3.6,<rdkit.Chem.rdchem.Mol object at 0x15206cc9e6d0>,10
CCNc1ccccc1,-1.7,<rdkit.Chem.rdchem.Mol object at 0x15206cc9e740>,9
O=C1NC(=O)C(c2ccccc2)(c2ccccc2)N1,-4.097,<rdkit.Chem.rdchem.Mol object at 0x15206cc9e7b0>,19
Cc1c2ccccc2c(C)c2c1ccc1ccccc12,-7.02,<rdkit.Chem.rdchem.Mol object at 0x15206cc9e820>,20
CCOP(=S)(OCC)SC(CCl)N1C(=O)c2ccccc2C1=O,-6.34,<rdkit.Chem.rdchem.Mol object at 0x15206cc9e890>,23
COc1ccc(C(c2ccc(OC)cc2)C(Cl)(Cl)Cl)cc1,-6.89,<rdkit.Chem.rdchem.Mol object at 0x15206cc9e900>,21
O=C(NC(=O)c1c(F)cccc1F)Nc1cc(Cl)c(F)c(Cl)c1F,-7.28,<rdkit.Chem.rdchem.Mol object at 0x15206cc9e970>,24
CCCCC(=O)OCN1C(=O)NC(c2ccccc2)(c2ccccc2)C1=O,-4.678,<rdkit.Chem.rdchem.Mol object at 0x15206cc9e9e0>,27
CN(C)C(=O)Nc1ccc(Cl)cc1,-2.89,<rdkit.Chem.rdchem.Mol object at 0x15206cc9ea50>,13
OC(Cn1cncn1)(c1ccc(F)cc1)c1ccccc1F,-3.37,<rdkit.Chem.rdchem.Mol object at 0x15206cc9eac0>,22
CC(=O)OCC(=O)C1(O)C(OC(C)=O)CC2C3CCC4=CC(=O)C=CC4(C)C3(F)C(O)CC21C,-4.13,<rdkit.Chem.rdchem.Mol object at 0x15206cc9eb30>,34
CCCCBr,-2.37,<rdkit.Chem.rdchem.Mol object at 0x15206cc9eba0>,5
Brc1cc(Br)c(Br)cc1Br,-6.98,<rdkit.Chem.rdchem.Mol object at 0x15206cc9ec10>,10
CC(=O)CC(C)C,-0.74,<rdkit.Chem.rdchem.Mol object at 0x15206cc9ec80>,7
CCSC(=O)N(CC)C1CCCCC1,-3.4,<rdkit.Chem.rdchem.Mol object at 0x15206cc9ecf0>,14
COc1ccc(Cl)cc1,-2.78,<rdkit.Chem.rdchem.Mol object at 0x15206cc9ed60>,9
CC1(C)C(C=C(Br)Br)C1C(=O)OC(C#N)c1cccc(Oc2ccccc2)c1,-8.402000000000001,<rdkit.Chem.rdchem.Mol object at 0x15206cc9edd0>,28
C=CCC1(C(C)CC)C(=O)NC(=O)NC1=O,-2.016,<rdkit.Chem.rdchem.Mol object at 0x15206cc9ee40>,16
COP(=S)(OC)Oc1ccc([N+](=O)[O-])c(C)c1,-4.04,<rdkit.Chem.rdchem.Mol object at 0x15206cc9eeb0>,17
Ic1cccc2ccccc12,-4.55,<rdkit.Chem.rdchem.Mol object at 0x15206cc9ef20>,11
CCS,-0.6,<rdkit.Chem.rdchem.Mol object at 0x15206cc9ef90>,3
ClCC(Cl)Cl,-1.48,<rdkit.Chem.rdchem.Mol object at 0x15206cc9f040>,5
Cc1cc(OC(=O)N(C)C)n(-c2ccccc2)n1,-2.09,<rdkit.Chem.rdchem.Mol object at 0x15206cc9f0b0>,18
NC(=O)c1ccccc1O,-1.82,<rdkit.Chem.rdchem.Mol object at 0x15206cc9f120>,10
Cc1ccccc1[N+](=O)[O-],-2.33,<rdkit.Chem.rdchem.Mol object at 0x15206cc9f190>,10
CC(C)C1(C(C)C)C(=O)NC(=O)NC1=O,-2.766,<rdkit.Chem.rdchem.Mol object at 0x15206cc9f200>,15
CCc1ccccc1C,-3.21,<rdkit.Chem.rdchem.Mol object at 0x15206cc9f270>,9
CCCCCCCCl,-4.0,<rdkit.Chem.rdchem.Mol object at 0x15206cc9f2e0>,8
CCC1(CC)C(=O)NC(=O)NC1=O,-2.4,<rdkit.Chem.rdchem.Mol object at 0x15206cc9f350>,13
c1ccc(CCc2ccccc2)cc1,-4.62,<rdkit.Chem.rdchem.Mol object at 0x15206cc9f3c0>,14
ClC(Cl)C(Cl)Cl,-1.74,<rdkit.Chem.rdchem.Mol object at 0x15206cc9f430>,6
CCN1c2cc(OC)cc(C)c2NC(=O)c2cccnc21,-5.153,<rdkit.Chem.rdchem.Mol object at 0x15206cc9f4a0>,21
Cc1ccc2c(ccc3ccccc32)c1,-5.84,<rdkit.Chem.rdchem.Mol object at 0x15206cc9f510>,15
CCCCOC(=O)c1ccccc1C(=O)OCCCC,-4.4,<rdkit.Chem.rdchem.Mol object at 0x15206cc9f580>,20
COc1c(O)c(Cl)c(Cl)c(Cl)c1Cl,-4.02,<rdkit.Chem.rdchem.Mol object at 0x15206cc9f5f0>,13
CCN(CC)C(=O)C(Cl)=CCOP(=O)(OC)OC,0.523,<rdkit.Chem.rdchem.Mol object at 0x15206cc9f660>,18
CC12CCC3C(=CCc4cc(O)ccc43)C1CCC2=O,-5.282,<rdkit.Chem.rdchem.Mol object at 0x15206cc9f6d0>,20
CCOC(=O)c1ccccc1S(=O)(=O)NN(C=O)c1nc(Cl)cc(OC)n1,-4.5760000000000005,<rdkit.Chem.rdchem.Mol object at 0x15206cc9f740>,27
COc1ccc([N+](=O)[O-])cc1,-2.41,<rdkit.Chem.rdchem.Mol object at 0x15206cc9f7b0>,11
CCCCCCCl,-3.12,<rdkit.Chem.rdchem.Mol object at 0x15206cc9f820>,7
Clc1cc(-c2cc(Cl)c(Cl)c(Cl)c2Cl)c(Cl)c(Cl)c1Cl,-9.16,<rdkit.Chem.rdchem.Mol object at 0x15206cc9f890>,20
OCC1OC(OCC2OC(OC3(CO)OC(CO)C(O)C3O)C(O)C(O)C2O)C(O)C(O)C1O,-0.41,<rdkit.Chem.rdchem.Mol object at 0x15206cc9f900>,34
CCCCCCCCCCCCCCCCCCCCCCCCCC,-8.334,<rdkit.Chem.rdchem.Mol object at 0x15206cc9f970>,26
CCN1c2ccccc2N(C)C(=O)c2cccnc21,-3.324,<rdkit.Chem.rdchem.Mol object at 0x15206cc9f9e0>,19
CC(Cl)Cl,-1.29,<rdkit.Chem.rdchem.Mol object at 0x15206cc9fa50>,4
Nc1ccc(S(N)(=O)=O)cc1,-1.34,<rdkit.Chem.rdchem.Mol object at 0x15206cc9fac0>,11
CCCN(CCC)c1c([N+](=O)[O-])cc(C(C)C)cc1[N+](=O)[O-],-6.49,<rdkit.Chem.rdchem.Mol object at 0x15206cc9fb30>,22
ClC1C(Cl)C(Cl)C(Cl)C(Cl)C1Cl,-4.64,<rdkit.Chem.rdchem.Mol object at 0x15206cc9fba0>,12
CCOP(=S)(NC(C)C)Oc1ccccc1C(=O)OC(C)C,-4.194,<rdkit.Chem.rdchem.Mol object at 0x15206cc9fc10>,22
Clc1cccc(Cl)c1Cl,-4.0,<rdkit.Chem.rdchem.Mol object at 0x15206cc9fc80>,9
ClC(Cl)(Cl)Cl,-2.31,<rdkit.Chem.rdchem.Mol object at 0x15206cc9fcf0>,5
O=[N+]([O-])c1ccc(Cl)c(Cl)c1,-3.2,<rdkit.Chem.rdchem.Mol object at 0x15206cc9fd60>,11
OC1CCCCCCC1,-1.29,<rdkit.Chem.rdchem.Mol object at 0x15206cc9fdd0>,9
CC12CCC(=O)C=C1CCC1C2CCC2(C)C1CCC2(C)O,-3.999,<rdkit.Chem.rdchem.Mol object at 0x15206cc9fe40>,22
CCOc1ccc(NC(N)=O)cc1,-2.17,<rdkit.Chem.rdchem.Mol object at 0x15206cc9feb0>,13
CC1CCC(C)CC1,-4.47,<rdkit.Chem.rdchem.Mol object at 0x15206cc9ff20>,8
c1cnc2c(c1)ccc1ncccc12,-2.68,<rdkit.Chem.rdchem.Mol object at 0x15206cc9ff90>,14
COC(C)(C)C,-0.24,<rdkit.Chem.rdchem.Mol object at 0x15206cca0040>,6
CC=Cc1ccc(OC)cc1,-3.13,<rdkit.Chem.rdchem.Mol object at 0x15206cca00b0>,11
CCCCCCCCCCCCCCCCO,-7.0,<rdkit.Chem.rdchem.Mol object at 0x15206cca0120>,17
O=c1cc[nH]c(=O)[nH]1,-1.4880000000000002,<rdkit.Chem.rdchem.Mol object at 0x15206cca0190>,8
Nc1ncnc2nc[nH]c12,-2.12,<rdkit.Chem.rdchem.Mol object at 0x15206cca0200>,10
Clc1cc(Cl)c(-c2cccc(Cl)c2Cl)cc1Cl,-7.21,<rdkit.Chem.rdchem.Mol object at 0x15206cca0270>,17
COc1ccc(C(O)(c2cncnc2)C2CC2)cc1,-2.596,<rdkit.Chem.rdchem.Mol object at 0x15206cca02e0>,19
c1ccc2c(c1)-c1cccc3c1c-2cc1ccccc13,-8.23,<rdkit.Chem.rdchem.Mol object at 0x15206cca0350>,20
O=C(Nc1ccccc1)Nc1ccccc1,-3.15,<rdkit.Chem.rdchem.Mol object at 0x15206cca03c0>,16
CCC1(c2ccccc2)C(=O)NC(=O)NC1=O,-2.322,<rdkit.Chem.rdchem.Mol object at 0x15206cca0430>,17
Clc1ccc(-c2cccc(Cl)c2Cl)cc1,-6.29,<rdkit.Chem.rdchem.Mol object at 0x15206cca04a0>,15
CC(C)c1ccc(NC(=O)N(C)C)cc1,-3.536,<rdkit.Chem.rdchem.Mol object at 0x15206cca0510>,15
CCN(CC)C(=O)CSc1ccc(Cl)nn1,-1.716,<rdkit.Chem.rdchem.Mol object at 0x15206cca0580>,16
CCC(C)(C)CO,-1.04,<rdkit.Chem.rdchem.Mol object at 0x15206cca05f0>,7
CCCOC(=O)CCC,-1.75,<rdkit.Chem.rdchem.Mol object at 0x15206cca0660>,9
Cc1c([N+](=O)[O-])cc([N+](=O)[O-])cc1[N+](=O)[O-],-3.22,<rdkit.Chem.rdchem.Mol object at 0x15206cca06d0>,16
CC(C)OP(=S)(OC(C)C)SCCNS(=O)(=O)c1ccccc1,-4.2,<rdkit.Chem.rdchem.Mol object at 0x15206cca0740>,23
C1CCCCCC1,-3.51,<rdkit.Chem.rdchem.Mol object at 0x15206cca07b0>,7
CCCOC=O,-0.49,<rdkit.Chem.rdchem.Mol object at 0x15206cca0820>,6
Cc1ccccc1C(C)C,-3.76,<rdkit.Chem.rdchem.Mol object at 0x15206cca0890>,10
Nc1cccc(Cl)c1,-1.37,<rdkit.Chem.rdchem.Mol object at 0x15206cca0900>,8
CC(C)CC(C)C,-4.26,<rdkit.Chem.rdchem.Mol object at 0x15206cca0970>,7
c1ccc2c(c1)oc1ccccc12,-4.6,<rdkit.Chem.rdchem.Mol object at 0x15206cca09e0>,13
CCOC1Oc2ccc(OS(C)(=O)=O)cc2C1(C)C,-3.42,<rdkit.Chem.rdchem.Mol object at 0x15206cca0a50>,19
CN(C)C(=O)Nc1cccc(C(F)(F)F)c1,-3.43,<rdkit.Chem.rdchem.Mol object at 0x15206cca0ac0>,16
c1ccc2nc3ccccc3cc2c1,-3.67,<rdkit.Chem.rdchem.Mol object at 0x15206cca0b30>,14
CC12CCC(=O)C=C1CCC1C2C(=O)CC2(C)C1CCC2(O)C(=O)CO,-3.11,<rdkit.Chem.rdchem.Mol object at 0x15206cca0ba0>,26
OCC1OC(O)C(O)C(O)C1O,0.74,<rdkit.Chem.rdchem.Mol object at 0x15206cca0c10>,12
Cc1cccc(O)c1,-0.68,<rdkit.Chem.rdchem.Mol object at 0x15206cca0c80>,8
CC1Cc2ccccc2N1NC(=O)c1ccc(Cl)c(S(N)(=O)=O)c1,-3.5860000000000003,<rdkit.Chem.rdchem.Mol object at 0x15206cca0cf0>,24
CCC(C)C(=O)OC1CC(C)C=C2C=CC(C)C(CCC3CC(O)CC(=O)O3)C21,-6.005,<rdkit.Chem.rdchem.Mol object at 0x15206cca0d60>,29
O=[N+]([O-])c1ccc([N+](=O)[O-])cc1,-3.39,<rdkit.Chem.rdchem.Mol object at 0x15206cca0dd0>,12
CCC1(C2=CCC3CCC2C3)C(=O)NC(=O)NC1=O,-2.696,<rdkit.Chem.rdchem.Mol object at 0x15206cca0e40>,19
CCCCCCCCCC(=O)OCC,-4.1,<rdkit.Chem.rdchem.Mol object at 0x15206cca0eb0>,14
CN(C)C(=O)Nc1ccccc1,-1.6,<rdkit.Chem.rdchem.Mol object at 0x15206cca0f20>,12
CCCOCC,-0.66,<rdkit.Chem.rdchem.Mol object at 0x15206cca0f90>,6
CC(C)O,0.43,<rdkit.Chem.rdchem.Mol object at 0x15206cca1040>,4
Cc1ccc2ccccc2c1,-3.77,<rdkit.Chem.rdchem.Mol object at 0x15206cca10b0>,11
ClC(Br)Br,-1.9,<rdkit.Chem.rdchem.Mol object at 0x15206cca1120>,4
CCC(c1ccc(O)cc1)C(CC)c1ccc(O)cc1,-4.43,<rdkit.Chem.rdchem.Mol object at 0x15206cca1190>,20
CCOC(=O)CC(SP(=S)(OC)OC)C(=O)OCC,-3.37,<rdkit.Chem.rdchem.Mol object at 0x15206cca1200>,19
ClCc1ccccc1,-2.39,<rdkit.Chem.rdchem.Mol object at 0x15206cca1270>,8
C/C=C/C=O,0.32,<rdkit.Chem.rdchem.Mol object at 0x15206cca12e0>,5
CON(C)C(=O)Nc1ccc(Br)c(Cl)c1,-3.924,<rdkit.Chem.rdchem.Mol object at 0x15206cca1350>,15
Cc1c2ccccc2c(C)c2ccccc12,-6.57,<rdkit.Chem.rdchem.Mol object at 0x15206cca13c0>,16
CCCCCC(=O)OC,-1.87,<rdkit.Chem.rdchem.Mol object at 0x15206cca1430>,9
CN(C)C(=O)Nc1ccc(-n2nc(C(C)(C)C)oc2=O)c(Cl)c1,-4.328,<rdkit.Chem.rdchem.Mol object at 0x15206cca14a0>,23
CC(=O)Nc1ccc(F)cc1,-1.78,<rdkit.Chem.rdchem.Mol object at 0x15206cca1510>,11
CCc1cccc(CC)c1N(COC)C(=O)CCl,-3.26,<rdkit.Chem.rdchem.Mol object at 0x15206cca1580>,18
C1=CCCCC1,-2.59,<rdkit.Chem.rdchem.Mol object at 0x15206cca15f0>,6
CC12CCC(=O)C=C1CCC1C2C(O)CC2(C)C1CCC2(O)C(=O)CO,-3.09,<rdkit.Chem.rdchem.Mol object at 0x15206cca1660>,26
c1cncnc1,1.1,<rdkit.Chem.rdchem.Mol object at 0x15206cca16d0>,6
O=[N+]([O-])c1ccc(Cl)cc1,-2.92,<rdkit.Chem.rdchem.Mol object at 0x15206cca1740>,10
CCC(=O)OC,-0.14,<rdkit.Chem.rdchem.Mol object at 0x15206cca17b0>,6
O=[N+]([O-])c1ccccc1Cl,-2.55,<rdkit.Chem.rdchem.Mol object at 0x15206cca1820>,10
CCCCN(C)C(=O)Nc1ccc(Cl)c(Cl)c1,-4.77,<rdkit.Chem.rdchem.Mol object at 0x15206cca1890>,17
CN1CC(O)N(c2nnc(C(C)(C)C)s2)C1=O,-1.877,<rdkit.Chem.rdchem.Mol object at 0x15206cca1900>,17
O=[N+]([O-])c1ccccc1,-1.8,<rdkit.Chem.rdchem.Mol object at 0x15206cca1970>,9
Ic1ccccc1,-3.01,<rdkit.Chem.rdchem.Mol object at 0x15206cca19e0>,7
Cc1ccccc1N1C(=O)c2cc(S(N)(=O)=O)c(Cl)cc2NC1C,-3.78,<rdkit.Chem.rdchem.Mol object at 0x15206cca1a50>,24
COc1ccccc1OCC(O)COC(N)=O,-0.985,<rdkit.Chem.rdchem.Mol object at 0x15206cca1ac0>,17
CCCCOCN(C(=O)CCl)c1c(CC)cccc1CC,-4.19,<rdkit.Chem.rdchem.Mol object at 0x15206cca1b30>,21
Oc1cccc(Cl)c1Cl,-1.3,<rdkit.Chem.rdchem.Mol object at 0x15206cca1ba0>,9
CCCC(=O)OC,-1.92,<rdkit.Chem.rdchem.Mol object at 0x15206cca1c10>,7
CCC(=O)Nc1ccc(Cl)c(Cl)c1,-3.0,<rdkit.Chem.rdchem.Mol object at 0x15206cca1c80>,13
Nc1nc(N)c2nc(-c3ccccc3)c(N)nc2n1,-2.404,<rdkit.Chem.rdchem.Mol object at 0x15206cca1cf0>,19
CCCCCC(=O)OCC,-2.35,<rdkit.Chem.rdchem.Mol object at 0x15206cca1d60>,10
OCC(O)C1OC2OC(C(Cl)(Cl)Cl)OC2C1O,-1.84,<rdkit.Chem.rdchem.Mol object at 0x15206cca1dd0>,17
Cc1ccc(N=CN(C)C=Nc2ccc(C)cc2C)c(C)c1,-5.47,<rdkit.Chem.rdchem.Mol object at 0x15206cca1e40>,22
COc1nc(NC(C)C)nc(NC(C)C)n1,-2.478,<rdkit.Chem.rdchem.Mol object at 0x15206cca1eb0>,16
C=CCCCCCC,-4.44,<rdkit.Chem.rdchem.Mol object at 0x15206cca1f20>,8
Cc1ccc(N)cc1,-1.21,<rdkit.Chem.rdchem.Mol object at 0x15206cca1f90>,8
Nc1nccs1,-0.36,<rdkit.Chem.rdchem.Mol object at 0x15206cca2040>,6
CNC(=O)Oc1ccccc1,-1.803,<rdkit.Chem.rdchem.Mol object at 0x15206cca20b0>,11
CCCC(O)CC,-0.8,<rdkit.Chem.rdchem.Mol object at 0x15206cca2120>,7
Oc1c2ccccc2cc2ccccc12,-4.73,<rdkit.Chem.rdchem.Mol object at 0x15206cca2190>,15
Cc1ccc2cc3ccccc3cc2c1,-6.96,<rdkit.Chem.rdchem.Mol object at 0x15206cca2200>,15
Cc1cccc(C)c1C,-3.2,<rdkit.Chem.rdchem.Mol object at 0x15206cca2270>,9
CNC(=O)Oc1ccc(N(C)C)c(C)c1,-2.36,<rdkit.Chem.rdchem.Mol object at 0x15206cca22e0>,15
CCCCCCCC(C)O,-2.74,<rdkit.Chem.rdchem.Mol object at 0x15206cca2350>,10
CN(C(=O)NC(C)(C)c1ccccc1)c1ccccc1,-3.35,<rdkit.Chem.rdchem.Mol object at 0x15206cca23c0>,20
CCCC(=O)CC,-0.83,<rdkit.Chem.rdchem.Mol object at 0x15206cca2430>,7
N#Cc1cc(Br)c(O)c(Br)c1,-3.33,<rdkit.Chem.rdchem.Mol object at 0x15206cca24a0>,11
Clc1ccc(-c2ccccc2)cc1Cl,-6.39,<rdkit.Chem.rdchem.Mol object at 0x15206cca2510>,14
CN(C(=O)COc1nc2ccccc2s1)c1ccccc1,-4.873,<rdkit.Chem.rdchem.Mol object at 0x15206cca2580>,21
Oc1cccc2ncccc12,-2.54,<rdkit.Chem.rdchem.Mol object at 0x15206cca25f0>,11
CC1=C(C(=O)Nc2ccccc2)SCCO1,-3.14,<rdkit.Chem.rdchem.Mol object at 0x15206cca2660>,16
CCOc1ccc2nc(S(N)(=O)=O)sc2c1,-3.81,<rdkit.Chem.rdchem.Mol object at 0x15206cca26d0>,16
Oc1c(Cl)c(Cl)c(Cl)c(Cl)c1Cl,-4.28,<rdkit.Chem.rdchem.Mol object at 0x15206cca2740>,12
ClCBr,-0.89,<rdkit.Chem.rdchem.Mol object at 0x15206cca27b0>,3
CCC1(CC)C(=O)NC(=O)N(C)C1=O,-2.23,<rdkit.Chem.rdchem.Mol object at 0x15206cca2820>,14
CC(=O)OCC(=O)C1CCC2C3CCC4=CC(=O)CCC4(C)C3CCC12C,-4.63,<rdkit.Chem.rdchem.Mol object at 0x15206cca2890>,27
NC(=O)NCc1ccccc1,-0.95,<rdkit.Chem.rdchem.Mol object at 0x15206cca2900>,11
Cc1ccc(NC(=O)N(C)C)cc1Cl,-3.483,<rdkit.Chem.rdchem.Mol object at 0x15206cca2970>,14
CON(C)C(=O)Nc1ccc(Cl)c(Cl)c1,-3.592,<rdkit.Chem.rdchem.Mol object at 0x15206cca29e0>,15
OC1CCCCCC1,-0.88,<rdkit.Chem.rdchem.Mol object at 0x15206cca2a50>,8
CS(=O)(=O)c1ccc(C(O)C(CO)NC(=O)C(Cl)Cl)cc1,-2.154,<rdkit.Chem.rdchem.Mol object at 0x15206cca2ac0>,21
CCCC(C)C1(CC)C(=O)NC(=S)NC1=O,-3.36,<rdkit.Chem.rdchem.Mol object at 0x15206cca2b30>,16
CC(=O)Nc1nnc(S(N)(=O)=O)s1,-2.36,<rdkit.Chem.rdchem.Mol object at 0x15206cca2ba0>,13
O=[N+]([O-])c1ccc(O)cc1,-0.74,<rdkit.Chem.rdchem.Mol object at 0x15206cca2c10>,10
ClC1=C(Cl)C2(Cl)C3C4C=CC(C4)C3C1(Cl)C2(Cl)Cl,-6.307,<rdkit.Chem.rdchem.Mol object at 0x15206cca2c80>,18
C1CCOC1,0.49,<rdkit.Chem.rdchem.Mol object at 0x15206cca2cf0>,5
Nc1ccccc1[N+](=O)[O-],-1.96,<rdkit.Chem.rdchem.Mol object at 0x15206cca2d60>,10
Clc1cccc(-c2cccc(Cl)c2Cl)c1Cl,-7.28,<rdkit.Chem.rdchem.Mol object at 0x15206cca2dd0>,16
CCCCC1C(=O)N(c2ccccc2)N(c2ccccc2)C1=O,-3.81,<rdkit.Chem.rdchem.Mol object at 0x15206cca2e40>,23
Cc1c([N+](=O)[O-])cccc1[N+](=O)[O-],-3.0,<rdkit.Chem.rdchem.Mol object at 0x15206cca2eb0>,13
CC(=O)C1CCC2C3CCC4=CC(=O)CCC4(C)C3CCC12C,-4.42,<rdkit.Chem.rdchem.Mol object at 0x15206cca2f20>,23
CCN(CC)c1nc(Cl)nc(N(CC)CC)n1,-4.4110000000000005,<rdkit.Chem.rdchem.Mol object at 0x15206cca2f90>,17
O=C1C2CC=CCC2C(=O)N1SC(Cl)(Cl)C(Cl)Cl,-5.4,<rdkit.Chem.rdchem.Mol object at 0x15206cca3040>,18
Brc1ccc(Br)c(Br)c1,-4.5,<rdkit.Chem.rdchem.Mol object at 0x15206cca30b0>,9
O=C1Nc2ccc(Cl)cc2C(c2ccccc2)=NC1O,-3.952,<rdkit.Chem.rdchem.Mol object at 0x15206cca3120>,20
C=CCC1(C(C)CCC)C(=O)NC(=O)NC1=O,-2.356,<rdkit.Chem.rdchem.Mol object at 0x15206cca3190>,17
Cc1ccc(C(C)C)cc1O,-2.08,<rdkit.Chem.rdchem.Mol object at 0x15206cca3200>,11
O=C1CSC(=S)N1,-1.77,<rdkit.Chem.rdchem.Mol object at 0x15206cca3270>,7
O=c1c(O)c(-c2ccc(O)cc2O)oc2cc(O)cc(O)c12,-3.083,<rdkit.Chem.rdchem.Mol object at 0x15206cca32e0>,22
O=C1C2(Cl)C3(Cl)C4(Cl)C(Cl)(Cl)C5(Cl)C3(Cl)C1(Cl)C5(Cl)C24Cl,-5.259,<rdkit.Chem.rdchem.Mol object at 0x15206cca3350>,21
CCN(CC)C(=S)SSC(=S)N(CC)CC,-4.86,<rdkit.Chem.rdchem.Mol object at 0x15206cca33c0>,16
C1CCCCC1,-3.1,<rdkit.Chem.rdchem.Mol object at 0x15206cca3430>,6
ClC1=C(Cl)C(Cl)(C2(Cl)C(Cl)=C(Cl)C(Cl)=C2Cl)C(Cl)=C1Cl,-7.278,<rdkit.Chem.rdchem.Mol object at 0x15206cca34a0>,20
Cc1cc(Cl)ccc1N=CN(C)C,-2.86,<rdkit.Chem.rdchem.Mol object at 0x15206cca3510>,13
CC12CCc3c(ccc4cc(O)ccc34)C1CCC2=O,-5.24,<rdkit.Chem.rdchem.Mol object at 0x15206cca3580>,20
CCCCCCCCO,-2.39,<rdkit.Chem.rdchem.Mol object at 0x15206cca35f0>,9
CCSCC,-1.34,<rdkit.Chem.rdchem.Mol object at 0x15206cca3660>,5
ClCCCl,-1.06,<rdkit.Chem.rdchem.Mol object at 0x15206cca36d0>,4
CCC(C)(C)Cl,-2.51,<rdkit.Chem.rdchem.Mol object at 0x15206cca3740>,6
ClCCBr,-1.32,<rdkit.Chem.rdchem.Mol object at 0x15206cca37b0>,4
Nc1ccc([N+](=O)[O-])cc1,-2.37,<rdkit.Chem.rdchem.Mol object at 0x15206cca3820>,10
OCC1OC(OC2C(CO)OC(O)C(O)C2O)C(O)C(O)C1O,-0.244,<rdkit.Chem.rdchem.Mol object at 0x15206cca3890>,23
CCN1C(=O)c2cccnc2N(CC)c2ncccc21,-2.86,<rdkit.Chem.rdchem.Mol object at 0x15206cca3900>,20
Clc1ccccc1,-2.38,<rdkit.Chem.rdchem.Mol object at 0x15206cca3970>,7
C=CCCCCCCC,-5.05,<rdkit.Chem.rdchem.Mol object at 0x15206cca39e0>,9
Brc1ccc(I)cc1,-4.56,<rdkit.Chem.rdchem.Mol object at 0x15206cca3a50>,8
CCC(C)(O)CC,-0.36,<rdkit.Chem.rdchem.Mol object at 0x15206cca3ac0>,7
CCCCCc1ccccc1,-4.64,<rdkit.Chem.rdchem.Mol object at 0x15206cca3b30>,11
NC(=O)NC1NC(=O)NC1=O,-1.6,<rdkit.Chem.rdchem.Mol object at 0x15206cca3ba0>,11
O=C(OCC(O)CO)c1ccccc1Nc1ccnc2cc(Cl)ccc12,-4.5710000000000015,<rdkit.Chem.rdchem.Mol object at 0x15206cca3c10>,26
Clc1ccc(C(c2ccc(Cl)cc2)C(Cl)Cl)cc1,-7.2,<rdkit.Chem.rdchem.Mol object at 0x15206cca3c80>,18
CC(=O)OC1CCC2C3CCC4=CC(=O)CCC4(C)C3CCC12C,-5.184,<rdkit.Chem.rdchem.Mol object at 0x15206cca3cf0>,24
Clc1cccc2ccccc12,-3.93,<rdkit.Chem.rdchem.Mol object at 0x15206cca3d60>,11
CCN1c2ccccc2C(=O)N(C)c2ccccc21,-4.749,<rdkit.Chem.rdchem.Mol object at 0x15206cca3dd0>,19
CCCCC(C)O,-0.89,<rdkit.Chem.rdchem.Mol object at 0x15206cca3e40>,7
CCCC1CCCC1,-4.74,<rdkit.Chem.rdchem.Mol object at 0x15206cca3eb0>,8
CCOC(=O)c1cncn1C(C)c1ccccc1,-4.735,<rdkit.Chem.rdchem.Mol object at 0x15206cca3f20>,18
Oc1ccc(Cl)c(Cl)c1,-1.25,<rdkit.Chem.rdchem.Mol object at 0x15206cca3f90>,9
CC1(C)C(C=C(Cl)Cl)C1C(=O)OC(C#N)c1cccc(Oc2ccccc2)c1,-8.017000000000001,<rdkit.Chem.rdchem.Mol object at 0x15206cc8c040>,28
c1ccc2ocnc2c1,-1.16,<rdkit.Chem.rdchem.Mol object at 0x15206cc8c0b0>,9
CCCCCO,-0.6,<rdkit.Chem.rdchem.Mol object at 0x15206cc8c120>,6
CCN(CC)c1ccccc1,-3.03,<rdkit.Chem.rdchem.Mol object at 0x15206cc8c190>,11
Fc1cccc(F)c1,-2.0,<rdkit.Chem.rdchem.Mol object at 0x15206cc8c200>,8
N#CCCCl,-0.29,<rdkit.Chem.rdchem.Mol object at 0x15206cc8c270>,5
CC(C)(C)Cc1ccccc1,-4.15,<rdkit.Chem.rdchem.Mol object at 0x15206cc8c2e0>,11
Clc1ccccc1I,-3.54,<rdkit.Chem.rdchem.Mol object at 0x15206cc8c350>,8
c1ccc2[nH]nnc2c1,-0.78,<rdkit.Chem.rdchem.Mol object at 0x15206cc8c3c0>,9
CNC(=O)Oc1cccc2c1OC(C)(C)C2,-2.8,<rdkit.Chem.rdchem.Mol object at 0x15206cc8c430>,16
Cc1cccc(C)c1O,-1.29,<rdkit.Chem.rdchem.Mol object at 0x15206cc8c4a0>,9
CC(C)C(C)O,-0.18,<rdkit.Chem.rdchem.Mol object at 0x15206cc8c510>,6
OC(c1ccccc1)c1ccccc1,-2.55,<rdkit.Chem.rdchem.Mol object at 0x15206cc8c580>,14
CCCCCCCCCC(=O)OC,-4.69,<rdkit.Chem.rdchem.Mol object at 0x15206cc8c5f0>,13
COP(=S)(OC)Oc1ccc([N+](=O)[O-])cc1Cl,-4.31,<rdkit.Chem.rdchem.Mol object at 0x15206cc8c660>,17
CC(C)CBr,-2.43,<rdkit.Chem.rdchem.Mol object at 0x15206cc8c6d0>,5
CCI,-1.6,<rdkit.Chem.rdchem.Mol object at 0x15206cc8c740>,3
Cc1nc(N(C)C)nc(OC(=O)N(C)C)c1C,-1.95,<rdkit.Chem.rdchem.Mol object at 0x15206cc8c7b0>,17
CCCCCCBr,-3.81,<rdkit.Chem.rdchem.Mol object at 0x15206cc8c820>,7
CCCC(C)C,-3.74,<rdkit.Chem.rdchem.Mol object at 0x15206cc8c890>,6
Cc1c(F)c(F)c(COC(=O)C2C(C=C(Cl)C(F)(F)F)C2(C)C)c(F)c1F,-7.3210000000000015,<rdkit.Chem.rdchem.Mol object at 0x15206cc8c900>,27
CCc1cccc(C)c1N(C(=O)CCl)C(C)COC,-2.73,<rdkit.Chem.rdchem.Mol object at 0x15206cc8c970>,19
O=[N+]([O-])c1ccc(C=NO)o1,-2.19,<rdkit.Chem.rdchem.Mol object at 0x15206cc8c9e0>,11
CC(C)C(Nc1ccc(C(F)(F)F)cc1Cl)C(=O)OC(C#N)c1cccc(Oc2ccccc2)c1,-8.003,<rdkit.Chem.rdchem.Mol object at 0x15206cc8ca50>,35
Nc1nc[nH]n1,0.522,<rdkit.Chem.rdchem.Mol object at 0x15206cc8cac0>,6
BrC(Br)Br,-1.91,<rdkit.Chem.rdchem.Mol object at 0x15206cc8cb30>,4
COP(=O)(OC)C(O)C(Cl)(Cl)Cl,-0.22,<rdkit.Chem.rdchem.Mol object at 0x15206cc8cba0>,12
CCOP(=S)(OCC)SCn1c(=O)oc2cc(Cl)ccc21,-5.233,<rdkit.Chem.rdchem.Mol object at 0x15206cc8cc10>,21
OCc1ccccc1,-0.4,<rdkit.Chem.rdchem.Mol object at 0x15206cc8cc80>,8
O=c1oc2ccccc2c(O)c1C1CCCc2ccccc21,-2.84,<rdkit.Chem.rdchem.Mol object at 0x15206cc8ccf0>,22
Oc1ccc(Br)cc1,-1.09,<rdkit.Chem.rdchem.Mol object at 0x15206cc8cd60>,8
CC(C)Br,-1.59,<rdkit.Chem.rdchem.Mol object at 0x15206cc8cdd0>,4
CC(C)CC(C)(C)C,-4.74,<rdkit.Chem.rdchem.Mol object at 0x15206cc8ce40>,8
O=[N+]([O-])c1cc([N+](=O)[O-])cc([N+](=O)[O-])c1,-2.89,<rdkit.Chem.rdchem.Mol object at 0x15206cc8ceb0>,15
CN1C(=O)CN=C(c2ccccc2)c2cc([N+](=O)[O-])ccc21,-3.796,<rdkit.Chem.rdchem.Mol object at 0x15206cc8cf20>,22
CCC,-1.94,<rdkit.Chem.rdchem.Mol object at 0x15206cc8cf90>,3
Nc1cc(N2CCCCC2)nc(N)[n+]1[O-],-1.989,<rdkit.Chem.rdchem.Mol object at 0x15206cca4040>,15
Nc1cccc2nc3ccccc3cc12,-4.22,<rdkit.Chem.rdchem.Mol object at 0x15206cca40b0>,15
c1ccc2cc3c(cc2c1)-c1cccc2cccc-3c12,-8.49,<rdkit.Chem.rdchem.Mol object at 0x15206cca4120>,20
OC(c1ccc(Cl)cc1)(c1ccc(Cl)cc1)C(Cl)(Cl)Cl,-5.666,<rdkit.Chem.rdchem.Mol object at 0x15206cca4190>,20
c1cc2c3c(cccc3c1)CC2,-4.63,<rdkit.Chem.rdchem.Mol object at 0x15206cca4200>,12
Brc1ccc(Br)cc1,-4.07,<rdkit.Chem.rdchem.Mol object at 0x15206cca4270>,8
Cn1c(=O)on(-c2ccc(Cl)c(Cl)c2)c1=O,-2.82,<rdkit.Chem.rdchem.Mol object at 0x15206cca42e0>,16
Oc1ccc(-c2ccccc2)cc1,-3.48,<rdkit.Chem.rdchem.Mol object at 0x15206cca4350>,13
CC1=C(C(=O)Nc2ccccc2)CCCO1,-2.56,<rdkit.Chem.rdchem.Mol object at 0x15206cca43c0>,16
C=COCC,-0.85,<rdkit.Chem.rdchem.Mol object at 0x15206cca4430>,5
C#CCC,-1.24,<rdkit.Chem.rdchem.Mol object at 0x15206cca44a0>,4
COc1ncnc2nccnc12,-1.11,<rdkit.Chem.rdchem.Mol object at 0x15206cca4510>,12
CCCCC(C)(O)CC,-1.6,<rdkit.Chem.rdchem.Mol object at 0x15206cca4580>,9
Clc1ccc(Cl)cc1,-3.27,<rdkit.Chem.rdchem.Mol object at 0x15206cca45f0>,8
CC(=O)OCN1C(=O)NC(c2ccccc2)(c2ccccc2)C1=O,-4.47,<rdkit.Chem.rdchem.Mol object at 0x15206cca4660>,24
CSC[S+]([O-])CC(CO)NC(=O)C=Cc1c(C)[nH]c(=O)[nH]c1=O,-1.981,<rdkit.Chem.rdchem.Mol object at 0x15206cca46d0>,23
Cc1c[nH]c2ccccc12,-2.42,<rdkit.Chem.rdchem.Mol object at 0x15206cca4740>,10
COc1ncc2nccnc2n1,-1.11,<rdkit.Chem.rdchem.Mol object at 0x15206cca47b0>,12
CNC(=O)Oc1ccccc1C1OCCO1,-1.57,<rdkit.Chem.rdchem.Mol object at 0x15206cca4820>,16
CC(C)CNC(=O)N1CCNC1=O,-2.15,<rdkit.Chem.rdchem.Mol object at 0x15206cca4890>,13
CC#N,0.26,<rdkit.Chem.rdchem.Mol object at 0x15206cca4900>,3
CCOC(=O)NCCOc1ccc(Oc2ccccc2)cc1,-4.7,<rdkit.Chem.rdchem.Mol object at 0x15206cca4970>,22
CC(=O)N(c1onc(C)c1C)[S+]([O-])c1ccc(N)cc1,-3.59,<rdkit.Chem.rdchem.Mol object at 0x15206cca49e0>,20
ClCC(Cl)(Cl)Cl,-2.18,<rdkit.Chem.rdchem.Mol object at 0x15206cca4a50>,6
CCCCO,0.0,<rdkit.Chem.rdchem.Mol object at 0x15206cca4ac0>,5
CC1CCCCC1NC(=O)Nc1ccccc1,-4.11,<rdkit.Chem.rdchem.Mol object at 0x15206cca4b30>,17
Clc1cc(Cl)cc(Cl)c1,-4.48,<rdkit.Chem.rdchem.Mol object at 0x15206cca4ba0>,9
O=Cc1ccco1,-0.1,<rdkit.Chem.rdchem.Mol object at 0x15206cca4c10>,7
CC(C)CCO,-0.51,<rdkit.Chem.rdchem.Mol object at 0x15206cca4c80>,6
O=Cc1ccc2c(c1)OCO2,-1.63,<rdkit.Chem.rdchem.Mol object at 0x15206cca4cf0>,11
C=C(C)C,-2.33,<rdkit.Chem.rdchem.Mol object at 0x15206cca4d60>,4
O=Cc1ccccc1,-1.19,<rdkit.Chem.rdchem.Mol object at 0x15206cca4dd0>,8
C=C(C)C(=C)C,-2.4,<rdkit.Chem.rdchem.Mol object at 0x15206cca4e40>,6
CCOC(=O)CCN(SN(C)C(=O)Oc1cccc2c1OC(C)(C)C2)C(C)C,-4.71,<rdkit.Chem.rdchem.Mol object at 0x15206cca4eb0>,28
CN1C(=O)c2cccnc2Oc2ccccc21,-3.672,<rdkit.Chem.rdchem.Mol object at 0x15206cca4f20>,17
c1ccc2c(c1)Cc1ccccc1-2,-5.0,<rdkit.Chem.rdchem.Mol object at 0x15206cca4f90>,13
CC1CCCCC1,-3.85,<rdkit.Chem.rdchem.Mol object at 0x15206cca5040>,7
N=C(N)NS(=O)(=O)c1ccc(N)cc1,-1.99,<rdkit.Chem.rdchem.Mol object at 0x15206cca50b0>,14
COC(=O)c1ccc(O)cc1,-1.827,<rdkit.Chem.rdchem.Mol object at 0x15206cca5120>,11
CC1CCCO1,0.11,<rdkit.Chem.rdchem.Mol object at 0x15206cca5190>,6
CC1=C2C3OC(=O)C(C)C3CCC2(C)C=CC1=O,-3.09,<rdkit.Chem.rdchem.Mol object at 0x15206cca5200>,18
OCc1ccccc1OC1OC(CO)C(O)C(O)C1O,-0.85,<rdkit.Chem.rdchem.Mol object at 0x15206cca5270>,20
CCCI,-2.29,<rdkit.Chem.rdchem.Mol object at 0x15206cca52e0>,4
CCNc1nc(NC(C)C)nc(SC)n1,-3.04,<rdkit.Chem.rdchem.Mol object at 0x15206cca5350>,15
CCCO,0.62,<rdkit.Chem.rdchem.Mol object at 0x15206cca53c0>,4
CC(=O)C1(O)CCC2C3CCC4=CC(=O)CCC4(C)C3CCC21C,-3.817,<rdkit.Chem.rdchem.Mol object at 0x15206cca5430>,24
CCCC(C)O,-0.29,<rdkit.Chem.rdchem.Mol object at 0x15206cca54a0>,6
O=C(c1ccccc1)C(O)c1ccccc1,-2.85,<rdkit.Chem.rdchem.Mol object at 0x15206cca5510>,16
Cc1ccc(O)c(C)c1,-1.19,<rdkit.Chem.rdchem.Mol object at 0x15206cca5580>,9
O=[N+]([O-])c1cccc(Cl)c1,-2.77,<rdkit.Chem.rdchem.Mol object at 0x15206cca55f0>,10
Cc1c(N)c(=O)n(-c2ccccc2)n1C,-0.624,<rdkit.Chem.rdchem.Mol object at 0x15206cca5660>,15
Clc1ccc(-c2cc(Cl)ccc2Cl)c(Cl)c1,-6.57,<rdkit.Chem.rdchem.Mol object at 0x15206cca56d0>,16
ClC(Cl)=C(Cl)C(Cl)=C(Cl)Cl,-4.92,<rdkit.Chem.rdchem.Mol object at 0x15206cca5740>,10
CCNc1nc(NC(C)(C)C)nc(SC)n1,-4.0,<rdkit.Chem.rdchem.Mol object at 0x15206cca57b0>,16
CCC(C)CCO,-0.71,<rdkit.Chem.rdchem.Mol object at 0x15206cca5820>,7
Cc1ncc2nccnc2n1,-0.12,<rdkit.Chem.rdchem.Mol object at 0x15206cca5890>,11
C#CC1(O)CCC2C3CCC4=Cc5oncc5CC4(C)C3CCC21C,-5.5070000000000014,<rdkit.Chem.rdchem.Mol object at 0x15206cca5900>,25
CCCCI,-2.96,<rdkit.Chem.rdchem.Mol object at 0x15206cca5970>,5
CC1OC(OC2C(O)CC(OC3C(O)CC(OC4CCC5(C)C(CCC6C5CC(O)C5(C)C(C7=CC(=O)OC7)CCC65O)C4)OC3C)OC2C)CC(O)C1O,-4.081,<rdkit.Chem.rdchem.Mol object at 0x15206cca59e0>,55
FC(F)(F)c1ccccc1,-2.51,<rdkit.Chem.rdchem.Mol object at 0x15206cca5a50>,10
CCCCCCOC(=O)c1ccccc1C(=O)OCCCCCC,-6.144,<rdkit.Chem.rdchem.Mol object at 0x15206cca5ac0>,24
c1ccc2c(c1)sc1ccccc12,-4.38,<rdkit.Chem.rdchem.Mol object at 0x15206cca5b30>,13
Clc1ccc(-c2ccc(Cl)c(Cl)c2Cl)c(Cl)c1,-7.8,<rdkit.Chem.rdchem.Mol object at 0x15206cca5ba0>,17
Clc1ccc(-c2ccc(Cl)c(Cl)c2Cl)c(Cl)c1Cl,-8.01,<rdkit.Chem.rdchem.Mol object at 0x15206cca5c10>,18
CC(=O)CC(c1ccccc1)c1c(O)c2ccccc2oc1=O,-3.893,<rdkit.Chem.rdchem.Mol object at 0x15206cca5c80>,23
OC(c1ccccc1)C(O)c1ccccc1,-1.93,<rdkit.Chem.rdchem.Mol object at 0x15206cca5cf0>,16
COC(=O)c1ccccc1C(=O)OC,-1.66,<rdkit.Chem.rdchem.Mol object at 0x15206cca5d60>,14
CCCCCCCC(=O)OCC,-3.39,<rdkit.Chem.rdchem.Mol object at 0x15206cca5dd0>,12
CCSSCC,-2.42,<rdkit.Chem.rdchem.Mol object at 0x15206cca5e40>,6
CCOCCOCC,-0.77,<rdkit.Chem.rdchem.Mol object at 0x15206cca5eb0>,8
Clc1cc(Cl)c(Cl)cc1Cl,-5.56,<rdkit.Chem.rdchem.Mol object at 0x15206cca5f20>,10
Nc1ccc(-c2ccc(N)cc2)cc1,-2.7,<rdkit.Chem.rdchem.Mol object at 0x15206cca5f90>,14
C=CCCCCC,-3.73,<rdkit.Chem.rdchem.Mol object at 0x15206cca6040>,7
CCCCc1c(C)nc(NCC)[nH]c1=O,-3.028,<rdkit.Chem.rdchem.Mol object at 0x15206cca60b0>,15
CCCC(C)C1(CC)C(=O)NC(=O)NC1=O,-2.39,<rdkit.Chem.rdchem.Mol object at 0x15206cca6120>,16
Nc1ccccc1Cl,-1.52,<rdkit.Chem.rdchem.Mol object at 0x15206cca6190>,8
COc1cccc(Cl)c1,-2.78,<rdkit.Chem.rdchem.Mol object at 0x15206cca6200>,9
CCCCN(CC)C(=O)SCCC,-3.53,<rdkit.Chem.rdchem.Mol object at 0x15206cca6270>,13
CCCCOC=O,-1.37,<rdkit.Chem.rdchem.Mol object at 0x15206cca62e0>,7
CC12C=CC(=O)C=C1CCC1C2C(O)CC2(C)C1CCC2(O)C(=O)CO,-3.18,<rdkit.Chem.rdchem.Mol object at 0x15206cca6350>,26
ClC(Cl)Br,-1.54,<rdkit.Chem.rdchem.Mol object at 0x15206cca63c0>,4
CC12CC(=O)C3C(CCC4=CC(=O)CCC43C)C1CCC2=O,-3.48,<rdkit.Chem.rdchem.Mol object at 0x15206cca6430>,22
c1ccc(-c2ccc(-c3ccccc3)cc2)cc1,-7.11,<rdkit.Chem.rdchem.Mol object at 0x15206cca64a0>,18
O=Cc1ccc(O)cc1,-0.96,<rdkit.Chem.rdchem.Mol object at 0x15206cca6510>,9
CBr,-0.79,<rdkit.Chem.rdchem.Mol object at 0x15206cca6580>,2
Cc1cc(S(=O)(=O)c2ccccc2)ccc1NS(=O)(=O)C(F)(F)F,-3.8,<rdkit.Chem.rdchem.Mol object at 0x15206cca65f0>,24
CC(=O)CC(c1ccc(Cl)cc1)c1c(O)c2ccccc2oc1=O,-5.839,<rdkit.Chem.rdchem.Mol object at 0x15206cca6660>,24
CCc1ccc2ccccc2c1,-4.29,<rdkit.Chem.rdchem.Mol object at 0x15206cca66d0>,12
Cc1c[nH]c(=O)nc1N,-1.4580000000000002,<rdkit.Chem.rdchem.Mol object at 0x15206cca6740>,9
Clc1c(Cl)c(Cl)c(-c2ccccc2)c(Cl)c1Cl,-7.92,<rdkit.Chem.rdchem.Mol object at 0x15206cca67b0>,17
O=C(Nc1ccccc1)c1ccccc1I,-4.21,<rdkit.Chem.rdchem.Mol object at 0x15206cca6820>,16
Cc1cc2nc3c(=O)[nH]c(=O)nc-3n(CC(O)C(O)C(O)CO)c2cc1C,-3.685,<rdkit.Chem.rdchem.Mol object at 0x15206cca6890>,27
Fc1ccccc1Br,-2.7,<rdkit.Chem.rdchem.Mol object at 0x15206cca6900>,8
Oc1ccc(Cl)cc1Cl,-1.55,<rdkit.Chem.rdchem.Mol object at 0x15206cca6970>,9
CC1(C)C(C=C(Cl)Cl)C1C(=O)OCc1cccc(Oc2ccccc2)c1,-6.291,<rdkit.Chem.rdchem.Mol object at 0x15206cca69e0>,26
CN1C(C(=O)Nc2ccccn2)=C(O)c2ccccc2S1(=O)=O,-4.16,<rdkit.Chem.rdchem.Mol object at 0x15206cca6a50>,23
CCC(=O)OCN1C(=O)NC(c2ccccc2)(c2ccccc2)C1=O,-4.907,<rdkit.Chem.rdchem.Mol object at 0x15206cca6ac0>,25
C1CCCC1,-2.64,<rdkit.Chem.rdchem.Mol object at 0x15206cca6b30>,5
Cc1ccccc1N,-2.21,<rdkit.Chem.rdchem.Mol object at 0x15206cca6ba0>,8
C=CCc1ccc(OC)cc1,-2.92,<rdkit.Chem.rdchem.Mol object at 0x15206cca6c10>,11
CN(C)C(=O)Nc1cccc(OC(=O)NC(C)(C)C)c1,-2.93,<rdkit.Chem.rdchem.Mol object at 0x15206cca6c80>,20
C=CC(C)C,-2.73,<rdkit.Chem.rdchem.Mol object at 0x15206cca6cf0>,5
Oc1ccccn1,1.02,<rdkit.Chem.rdchem.Mol object at 0x15206cca6d60>,7
CC,-1.36,<rdkit.Chem.rdchem.Mol object at 0x15206cca6dd0>,2
Clc1ccccc1Cl,-3.05,<rdkit.Chem.rdchem.Mol object at 0x15206cca6e40>,8
Sc1nc2ccccc2s1,-3.18,<rdkit.Chem.rdchem.Mol object at 0x15206cca6eb0>,10
Clc1c(Cl)c(Cl)c(-c2c(Cl)c(Cl)c(Cl)c(Cl)c2Cl)c(Cl)c1Cl,-11.6,<rdkit.Chem.rdchem.Mol object at 0x15206cca6f20>,22
COc1c2occc2cc2ccc(=O)oc12,-3.664,<rdkit.Chem.rdchem.Mol object at 0x15206cca6f90>,16
CC(N)=O,1.58,<rdkit.Chem.rdchem.Mol object at 0x15206cca7040>,4
Cc1cccc2ccccc12,-3.7,<rdkit.Chem.rdchem.Mol object at 0x15206cca70b0>,11
CCN(CC)C(=O)C(C)Oc1cccc2ccccc12,-3.57,<rdkit.Chem.rdchem.Mol object at 0x15206cca7120>,20
CC(O)C(C)(C)C,-0.62,<rdkit.Chem.rdchem.Mol object at 0x15206cca7190>,7
CCCC(=O)OCC,-1.36,<rdkit.Chem.rdchem.Mol object at 0x15206cca7200>,8
CC1=CC(=O)c2ccccc2C1=O,-3.03,<rdkit.Chem.rdchem.Mol object at 0x15206cca7270>,13
c1ccc2c(c1)ccc1ccccc12,-5.26,<rdkit.Chem.rdchem.Mol object at 0x15206cca72e0>,14
Cc1ccnc(C)c1,0.38,<rdkit.Chem.rdchem.Mol object at 0x15206cca7350>,8
CCCCCCCCCO,-3.01,<rdkit.Chem.rdchem.Mol object at 0x15206cca73c0>,10
BrCBr,-1.17,<rdkit.Chem.rdchem.Mol object at 0x15206cca7430>,3
CC1CC2C3CCC4=CC(=O)C=CC4(C)C3(F)C(O)CC2(C)C1(O)C(=O)CO,-3.59,<rdkit.Chem.rdchem.Mol object at 0x15206cca74a0>,28
Cc1ccc2cc(C)ccc2c1,-4.89,<rdkit.Chem.rdchem.Mol object at 0x15206cca7510>,12
CCSC(=O)N(CC(C)C)CC(C)C,-3.68,<rdkit.Chem.rdchem.Mol object at 0x15206cca7580>,14
O=[N+]([O-])OCC(CO[N+](=O)[O-])O[N+](=O)[O-],-2.22,<rdkit.Chem.rdchem.Mol object at 0x15206cca75f0>,15
Nc1cccc([N+](=O)[O-])c1,-2.19,<rdkit.Chem.rdchem.Mol object at 0x15206cca7660>,10
CCCCCl,-2.03,<rdkit.Chem.rdchem.Mol object at 0x15206cca76d0>,5
O=CNC(N1C=CN(C(NC=O)C(Cl)(Cl)Cl)C=C1)C(Cl)(Cl)Cl,-4.19,<rdkit.Chem.rdchem.Mol object at 0x15206cca7740>,22
Cn1cc(-c2ccccc2)c(=O)c(-c2cccc(C(F)(F)F)c2)c1,-4.445,<rdkit.Chem.rdchem.Mol object at 0x15206cca77b0>,24
Nc1cc2c3ccccc3ccc2c2ccccc12,-6.2,<rdkit.Chem.rdchem.Mol object at 0x15206cca7820>,19
CC12CCC3c4ccc(O)cc4CCC3C1CCC2=O,-3.955,<rdkit.Chem.rdchem.Mol object at 0x15206cca7890>,20
CCN1c2ccccc2N(C)C(=S)c2cccnc21,-4.706,<rdkit.Chem.rdchem.Mol object at 0x15206cca7900>,19
CC1CO1,-0.59,<rdkit.Chem.rdchem.Mol object at 0x15206cca7970>,4
O=C1CN=C(c2ccccc2)c2cc([N+](=O)[O-])ccc2N1,-3.796,<rdkit.Chem.rdchem.Mol object at 0x15206cca79e0>,21
CCNC(=S)NCC,-1.46,<rdkit.Chem.rdchem.Mol object at 0x15206cca7a50>,8
Oc1cc(Cl)cc(Cl)c1Cl,-2.67,<rdkit.Chem.rdchem.Mol object at 0x15206cca7ac0>,10
CCCCC(=O)OC,-1.34,<rdkit.Chem.rdchem.Mol object at 0x15206cca7b30>,8
Nc1ccccc1,-0.41,<rdkit.Chem.rdchem.Mol object at 0x15206cca7ba0>,7
Cc1cccc2c(C)cccc12,-4.678999999999999,<rdkit.Chem.rdchem.Mol object at 0x15206cca7c10>,12
NS(=O)(=O)c1cc2c(cc1Cl)NCNS2(=O)=O,-2.63,<rdkit.Chem.rdchem.Mol object at 0x15206cca7c80>,17
C1=Cc2cccc3cccc1c23,-3.96,<rdkit.Chem.rdchem.Mol object at 0x15206cca7cf0>,12
CCCCCOC(=O)CC,-1.28,<rdkit.Chem.rdchem.Mol object at 0x15206cca7d60>,10
CCNc1nc(NC(C)C)nc(OC)n1,-2.084,<rdkit.Chem.rdchem.Mol object at 0x15206cca7dd0>,15
c1ccc2c(c1)cc1ccc3cccc4ccc2c1c34,-8.699,<rdkit.Chem.rdchem.Mol object at 0x15206cca7e40>,20
CCBr,-1.09,<rdkit.Chem.rdchem.Mol object at 0x15206cca7eb0>,3
CCC#CCC,-1.99,<rdkit.Chem.rdchem.Mol object at 0x15206cca7f20>,6
CC1OC(OC2C(O)CC(OC3C(O)CC(OC4CCC5(C)C(CCC6C5CCC5(C)C(C7=CC(=O)OC7)CCC65O)C4)OC3C)OC2C)CC(O)C1O,-5.292999999999998,<rdkit.Chem.rdchem.Mol object at 0x15206cca7f90>,54
C=C(C)CC,-2.73,<rdkit.Chem.rdchem.Mol object at 0x15206cca8040>,5
Oc1cccc2cccnc12,-2.42,<rdkit.Chem.rdchem.Mol object at 0x15206cca80b0>,11
c1ccc2c(c1)CCCC2,-4.37,<rdkit.Chem.rdchem.Mol object at 0x15206cca8120>,10
O=C1OC(c2ccc(O)cc2)(c2ccc(O)cc2)c2ccccc21,-2.9,<rdkit.Chem.rdchem.Mol object at 0x15206cca8190>,24
Brc1cc(Br)cc(Br)c1,-5.6,<rdkit.Chem.rdchem.Mol object at 0x15206cca8200>,9
COP(=S)(OC)Oc1cc(Cl)c(Cl)cc1Cl,-5.72,<rdkit.Chem.rdchem.Mol object at 0x15206cca8270>,16
Cc1cc(=O)[nH]c(=S)[nH]1,-2.436,<rdkit.Chem.rdchem.Mol object at 0x15206cca82e0>,9
C=CCc1ccc(O)c(OC)c1,-1.56,<rdkit.Chem.rdchem.Mol object at 0x15206cca8350>,12
C=CCC1(C(C)C)C(=O)NC(=O)NC1=O,-1.7080000000000002,<rdkit.Chem.rdchem.Mol object at 0x15206cca83c0>,15
c1cc2ccc3cccc4ccc(c1)c2c34,-6.176,<rdkit.Chem.rdchem.Mol object at 0x15206cca8430>,16
CCOC(C)OCC,-0.43,<rdkit.Chem.rdchem.Mol object at 0x15206cca84a0>,8
CC1(C)CON(Cc2ccccc2Cl)C1=O,-2.338,<rdkit.Chem.rdchem.Mol object at 0x15206cca8510>,16
CCCCOCCO,-0.42,<rdkit.Chem.rdchem.Mol object at 0x15206cca8580>,8
O=[N+]([O-])c1c(Cl)c(Cl)c(Cl)c(Cl)c1Cl,-5.82,<rdkit.Chem.rdchem.Mol object at 0x15206cca85f0>,14
O=C1C(Cl)C(CCl)CN1c1cccc(C(F)(F)F)c1,-4.047,<rdkit.Chem.rdchem.Mol object at 0x15206cca8660>,19
c1ccc2ncccc2c1,-1.3,<rdkit.Chem.rdchem.Mol object at 0x15206cca86d0>,10
COC(=O)c1cc(O)c(O)c(O)c1,-1.24,<rdkit.Chem.rdchem.Mol object at 0x15206cca8740>,13
OC(Cn1cncn1)(Cn1cncn1)c1ccc(F)cc1F,-1.8,<rdkit.Chem.rdchem.Mol object at 0x15206cca87b0>,22
O=c1[nH]c2cc(Cl)ccc2o1,-2.8310000000000004,<rdkit.Chem.rdchem.Mol object at 0x15206cca8820>,11
Clc1ccc(-c2c(Cl)c(Cl)c(Cl)c(Cl)c2Cl)c(Cl)c1,-7.92,<rdkit.Chem.rdchem.Mol object at 0x15206cca8890>,19
O=C1NC(=O)C(=O)C(=O)N1,-1.25,<rdkit.Chem.rdchem.Mol object at 0x15206cca8900>,10
ClCCCCl,-1.62,<rdkit.Chem.rdchem.Mol object at 0x15206cca8970>,5
Fc1cccc(Br)c1,-2.67,<rdkit.Chem.rdchem.Mol object at 0x15206cca89e0>,8
Clc1ccc(Br)cc1,-3.63,<rdkit.Chem.rdchem.Mol object at 0x15206cca8a50>,8
CC(C)C(C)C,-3.65,<rdkit.Chem.rdchem.Mol object at 0x15206cca8ac0>,6
C=CCC,-1.94,<rdkit.Chem.rdchem.Mol object at 0x15206cca8b30>,4
Clc1ccc(Cl)c(-c2cc(Cl)c(Cl)c(Cl)c2Cl)c1,-7.68,<rdkit.Chem.rdchem.Mol object at 0x15206cca8ba0>,18
Nc1cc[nH]c(=O)n1,-1.155,<rdkit.Chem.rdchem.Mol object at 0x15206cca8c10>,8
FC(F)(Cl)C(F)(Cl)Cl,-3.04,<rdkit.Chem.rdchem.Mol object at 0x15206cca8c80>,8
CCC#N,0.28,<rdkit.Chem.rdchem.Mol object at 0x15206cca8cf0>,4
Clc1ccc(C(c2ccccc2Cl)C(Cl)Cl)cc1,-6.51,<rdkit.Chem.rdchem.Mol object at 0x15206cca8d60>,18
COc1ccccc1[N+](=O)[O-],-1.96,<rdkit.Chem.rdchem.Mol object at 0x15206cca8dd0>,11
CC12CCC3C(CC=C4CC(O)CCC43C)C1CCC2=O,-4.12,<rdkit.Chem.rdchem.Mol object at 0x15206cca8e40>,21
CC12CC1(C)C(=O)N(c1cc(Cl)cc(Cl)c1)C2=O,-4.8,<rdkit.Chem.rdchem.Mol object at 0x15206cca8eb0>,18
c1cc2ccc3ccc4ccc5cccc6c(c1)c2c3c4c56,-9.018,<rdkit.Chem.rdchem.Mol object at 0x15206cca8f20>,22
CCC(C)c1cc([N+](=O)[O-])cc([N+](=O)[O-])c1O,-3.38,<rdkit.Chem.rdchem.Mol object at 0x15206cca8f90>,17
COC1=C(OC)C2C(=O)OCC2C=C1,-1.899,<rdkit.Chem.rdchem.Mol object at 0x15206cca9040>,14
OCC(O)CO,1.12,<rdkit.Chem.rdchem.Mol object at 0x15206cca90b0>,6
COc1ccccc1O,-1.96,<rdkit.Chem.rdchem.Mol object at 0x15206cca9120>,9
CCOP(=S)(OCC)Oc1nc(Cl)c(Cl)cc1Cl,-5.67,<rdkit.Chem.rdchem.Mol object at 0x15206cca9190>,18
Cc1c2ccccc2cc2ccccc12,-5.89,<rdkit.Chem.rdchem.Mol object at 0x15206cca9200>,15
Cc1cc(=O)n(-c2ccccc2)n1C,0.715,<rdkit.Chem.rdchem.Mol object at 0x15206cca9270>,14
CCCCOC,-0.99,<rdkit.Chem.rdchem.Mol object at 0x15206cca92e0>,6
Cc1cnc2cncnc2n1,-0.8540000000000001,<rdkit.Chem.rdchem.Mol object at 0x15206cca9350>,11
CCNc1nc(Cl)nc(NCC)n1,-4.55,<rdkit.Chem.rdchem.Mol object at 0x15206cca93c0>,13
CC(=O)N(C)C,1.11,<rdkit.Chem.rdchem.Mol object at 0x15206cca9430>,6
CSc1nc(N(C)C)nc(N(C)C)n1,-2.676,<rdkit.Chem.rdchem.Mol object at 0x15206cca94a0>,14
C=C,-0.4,<rdkit.Chem.rdchem.Mol object at 0x15206cca9510>,2
CC(C)(C)CCO,-0.5,<rdkit.Chem.rdchem.Mol object at 0x15206cca9580>,7
C=CCC1(CC)C(=O)NC(=O)NC1=O,-1.614,<rdkit.Chem.rdchem.Mol object at 0x15206cca95f0>,14
Oc1ccc(Cl)c(Cl)c1Cl,-2.67,<rdkit.Chem.rdchem.Mol object at 0x15206cca9660>,10
COc1ccccc1,-1.85,<rdkit.Chem.rdchem.Mol object at 0x15206cca96d0>,8
CC(C)OC(=O)C(O)(c1ccc(Cl)cc1)c1cccc(Cl)c1,-4.53,<rdkit.Chem.rdchem.Mol object at 0x15206cca9740>,22
CC12CCC(=O)C=C1CCC1C2C(O)CC2(C=O)C(C(=O)CO)CCC12,-3.85,<rdkit.Chem.rdchem.Mol object at 0x15206cca97b0>,26
COc1ccc(Oc2ccc(NC(=O)N(C)C)cc2)cc1,-4.16,<rdkit.Chem.rdchem.Mol object at 0x15206cca9820>,21
CCc1ccc(C)cc1,-3.11,<rdkit.Chem.rdchem.Mol object at 0x15206cca9890>,9
CC(C)SC(C)C,-2.24,<rdkit.Chem.rdchem.Mol object at 0x15206cca9900>,7
O=[N+]([O-])c1cccc([N+](=O)[O-])c1,-2.29,<rdkit.Chem.rdchem.Mol object at 0x15206cca9970>,12
CCOP(=S)(OCC)SCSP(=S)(OCC)OCC,-5.54,<rdkit.Chem.rdchem.Mol object at 0x15206cca99e0>,19
CCC1(C(C)C)C(=O)NC(=O)NC1=O,-2.21,<rdkit.Chem.rdchem.Mol object at 0x15206cca9a50>,14
CC(=O)OCC(=O)C1(O)CCC2C3CCC4=CC(=O)CCC4(C)C3C(=O)CC21C,-4.21,<rdkit.Chem.rdchem.Mol object at 0x15206cca9ac0>,29
Cc1ncc([N+](=O)[O-])n1CCO,-1.22,<rdkit.Chem.rdchem.Mol object at 0x15206cca9b30>,12
Nc1ccc(Cl)cc1,-1.66,<rdkit.Chem.rdchem.Mol object at 0x15206cca9ba0>,8
CCCC(C)(C)CO,-1.52,<rdkit.Chem.rdchem.Mol object at 0x15206cca9c10>,8
c1ccoc1,-0.82,<rdkit.Chem.rdchem.Mol object at 0x15206cca9c80>,5
COCCCNc1nc(NC(C)C)nc(SC)n1,-2.928,<rdkit.Chem.rdchem.Mol object at 0x15206cca9cf0>,18
CN(C)C(=O)NC1CC2CC1C1CCCC21,-3.1710000000000003,<rdkit.Chem.rdchem.Mol object at 0x15206cca9d60>,16
CC(C)(C)c1ccccc1,-3.66,<rdkit.Chem.rdchem.Mol object at 0x15206cca9dd0>,10
CC(=O)CCC1C(=O)N(c2ccccc2)N(c2ccccc2)C1=O,-3.27,<rdkit.Chem.rdchem.Mol object at 0x15206cca9e40>,24
CC(=O)OCC(=O)C1(O)CCC2C3CCC4=CC(=O)C=CC4(C)C3C(O)CC21C,-4.37,<rdkit.Chem.rdchem.Mol object at 0x15206cca9eb0>,29
CCCOC,-0.39,<rdkit.Chem.rdchem.Mol object at 0x15206cca9f20>,5
CC(=O)OC(C)C,-0.55,<rdkit.Chem.rdchem.Mol object at 0x15206cca9f90>,7
Brc1ccccc1,-2.55,<rdkit.Chem.rdchem.Mol object at 0x15206ccaa040>,7
CCOC(=O)c1ccc(O)cc1,-2.35,<rdkit.Chem.rdchem.Mol object at 0x15206ccaa0b0>,12
CCCC(=O)OCN1C(=O)NC(c2ccccc2)(c2ccccc2)C1=O,-5.0710000000000015,<rdkit.Chem.rdchem.Mol object at 0x15206ccaa120>,26
CCC(=O)OC1CCC2C3CCC4=CC(=O)CCC4(C)C3CCC12C,-5.37,<rdkit.Chem.rdchem.Mol object at 0x15206ccaa190>,25
c1cc2ccc3ccc4ccc5ccc6ccc1c1c2c3c4c5c61,-9.332,<rdkit.Chem.rdchem.Mol object at 0x15206ccaa200>,24
O=c1[nH]cnc2[nH]ncc12,-2.266,<rdkit.Chem.rdchem.Mol object at 0x15206ccaa270>,10
C=CCl,-1.75,<rdkit.Chem.rdchem.Mol object at 0x15206ccaa2e0>,3
CN(C)C(=O)C(c1ccccc1)c1ccccc1,-2.98,<rdkit.Chem.rdchem.Mol object at 0x15206ccaa350>,18
BrC(Br)(Br)Br,-3.14,<rdkit.Chem.rdchem.Mol object at 0x15206ccaa3c0>,5
CCN1c2cc(N(C)C)cc(C)c2NC(=O)c2cccnc21,-4.871,<rdkit.Chem.rdchem.Mol object at 0x15206ccaa430>,22
O=C1NC(=O)c2ccccc21,-2.61,<rdkit.Chem.rdchem.Mol object at 0x15206ccaa4a0>,11
OC(c1ccc(Cl)cc1)(c1cncnc1)c1ccccc1Cl,-4.38,<rdkit.Chem.rdchem.Mol object at 0x15206ccaa510>,22
COC(=O)c1ccccc1,-1.85,<rdkit.Chem.rdchem.Mol object at 0x15206ccaa580>,10
Cn1ccc(=O)[nH]c1=O,-0.807,<rdkit.Chem.rdchem.Mol object at 0x15206ccaa5f0>,9
CCCCC1C(=O)N(c2ccccc2)N(c2ccc(O)cc2)C1=O,-3.73,<rdkit.Chem.rdchem.Mol object at 0x15206ccaa660>,24
Clc1ccc(Cl)c(-c2cccc(Cl)c2Cl)c1,-6.47,<rdkit.Chem.rdchem.Mol object at 0x15206ccaa6d0>,16
CCC1NC(=O)c2cc(S(N)(=O)=O)c(Cl)cc2N1,-3.29,<rdkit.Chem.rdchem.Mol object at 0x15206ccaa740>,18
CN(C)C(=O)Nc1ccc(Cl)c(Cl)c1,-3.8,<rdkit.Chem.rdchem.Mol object at 0x15206ccaa7b0>,14
C1=CCCC1,-2.1,<rdkit.Chem.rdchem.Mol object at 0x15206ccaa820>,5
O=C1NC(=O)C(O)(C2(O)C(=O)NC(=O)NC2=O)C(=O)N1,-1.99,<rdkit.Chem.rdchem.Mol object at 0x15206ccaa890>,20
CCCCCCCCC,-5.88,<rdkit.Chem.rdchem.Mol object at 0x15206ccaa900>,9
Oc1ccccc1Cl,-1.06,<rdkit.Chem.rdchem.Mol object at 0x15206ccaa970>,8
Cc1cc2ccccc2c2ccc3ccccc3c12,-6.59,<rdkit.Chem.rdchem.Mol object at 0x15206ccaa9e0>,19
CCOc1ccccc1,-2.33,<rdkit.Chem.rdchem.Mol object at 0x15206ccaaa50>,9
CCOC(=O)C=Cc1ccccc1,-3.0,<rdkit.Chem.rdchem.Mol object at 0x15206ccaaac0>,13
Cc1[nH]c(=O)n(C(C)(C)C)c(=O)c1Cl,-2.484,<rdkit.Chem.rdchem.Mol object at 0x15206ccaab30>,14
O=C1CN=C(c2ccccc2Cl)c2cc([N+](=O)[O-])ccc2N1,-3.499,<rdkit.Chem.rdchem.Mol object at 0x15206ccaaba0>,22
Cc1ccc(S(N)(=O)=O)cc1,-1.74,<rdkit.Chem.rdchem.Mol object at 0x15206ccaac10>,11
C#CC(C)OC(=O)Nc1cccc(Cl)c1,-2.617,<rdkit.Chem.rdchem.Mol object at 0x15206ccaac80>,15
CCCCCC(C)C,-5.08,<rdkit.Chem.rdchem.Mol object at 0x15206ccaacf0>,8
CC1(C)C(C=C(Cl)C(F)(F)F)C1C(=O)OC(C#N)c1cccc(Oc2ccccc2)c1,-8.176,<rdkit.Chem.rdchem.Mol object at 0x15206ccaad60>,31
CCCC1C(=O)N2C(N(C)C)=Nc3ccc(C)cc3N2C1=O,-3.5380000000000003,<rdkit.Chem.rdchem.Mol object at 0x15206ccaadd0>,22
CN1C(=O)CN=C(c2ccccc2)c2cc(Cl)ccc21,-3.754,<rdkit.Chem.rdchem.Mol object at 0x15206ccaae40>,20
CCC(O)C(C)C,-0.7,<rdkit.Chem.rdchem.Mol object at 0x15206ccaaeb0>,7
CCOP(=S)(OCC)Oc1ccc([S+](C)[O-])cc1,-2.3,<rdkit.Chem.rdchem.Mol object at 0x15206ccaaf20>,18
CC1(C)C2CCC1(C)C(O)C2,-2.32,<rdkit.Chem.rdchem.Mol object at 0x15206ccaaf90>,11
CC12CCC(=O)C=C1CCC1C2CCC2(C)C(O)CCC12,-4.02,<rdkit.Chem.rdchem.Mol object at 0x15206ccab040>,21
CCCCCCC,-4.53,<rdkit.Chem.rdchem.Mol object at 0x15206ccab0b0>,7
Oc1cccc2ccccc12,-2.22,<rdkit.Chem.rdchem.Mol object at 0x15206ccab120>,11
CC1CCCCC1C,-4.3,<rdkit.Chem.rdchem.Mol object at 0x15206ccab190>,8
COc1cc2c(N)nc(N3CCN(C(=O)OCC(C)(C)O)CC3)nc2c(OC)c1OC,-3.638,<rdkit.Chem.rdchem.Mol object at 0x15206ccab200>,31
c1cc2c3c(c4ccc5ccccc5c4cc3c1)CC2,-7.85,<rdkit.Chem.rdchem.Mol object at 0x15206ccab270>,20
CC(=O)C1(C)CCC2C3C=C(C)C4=CC(=O)CCC4(C)C3CCC21C,-5.27,<rdkit.Chem.rdchem.Mol object at 0x15206ccab2e0>,25
CCCCCC(C)=O,-1.45,<rdkit.Chem.rdchem.Mol object at 0x15206ccab350>,8
COP(=O)(NC(C)=O)SC,0.54,<rdkit.Chem.rdchem.Mol object at 0x15206ccab3c0>,10
CCCCSP(=O)(SCCCC)SCCCC,-5.14,<rdkit.Chem.rdchem.Mol object at 0x15206ccab430>,17
O=C1NC(=O)C2C=CC=CC12,-2.932,<rdkit.Chem.rdchem.Mol object at 0x15206ccab4a0>,11
NS(=O)(=O)c1cc2c(cc1Cl)NC(C(Cl)Cl)NS2(=O)=O,-2.68,<rdkit.Chem.rdchem.Mol object at 0x15206ccab510>,20
CC=C(C)C,-2.56,<rdkit.Chem.rdchem.Mol object at 0x15206ccab580>,5
Cc1ccc(C)c(C)c1,-3.31,<rdkit.Chem.rdchem.Mol object at 0x15206ccab5f0>,9
Oc1cc(Cl)c(Cl)cc1Cl,-2.21,<rdkit.Chem.rdchem.Mol object at 0x15206ccab660>,10
c1ccc2c(c1)cnc1ccccc12,-2.78,<rdkit.Chem.rdchem.Mol object at 0x15206ccab6d0>,14
CCCC(C)(O)CC,-0.98,<rdkit.Chem.rdchem.Mol object at 0x15206ccab740>,8
CCCCCCCC,-5.24,<rdkit.Chem.rdchem.Mol object at 0x15206ccab7b0>,8
c1ccc2cc3ccccc3cc2c1,-6.35,<rdkit.Chem.rdchem.Mol object at 0x15206ccab820>,14
NNc1ccccc1,0.07,<rdkit.Chem.rdchem.Mol object at 0x15206ccab890>,8
CCC=O,0.58,<rdkit.Chem.rdchem.Mol object at 0x15206ccab900>,4
C1CCCCCCC1,-4.15,<rdkit.Chem.rdchem.Mol object at 0x15206ccab970>,8
C=CCC1(CC=C)C(=O)NC(=O)NC1=O,-2.077,<rdkit.Chem.rdchem.Mol object at 0x15206ccab9e0>,15
ClC(Cl)Cl,-1.17,<rdkit.Chem.rdchem.Mol object at 0x15206ccaba50>,4
O=c1ccnc(S)[nH]1,-2.273,<rdkit.Chem.rdchem.Mol object at 0x15206ccabac0>,8
O=C(Nc1ccccc1)N(Cc1ccc(Cl)cc1)C1CCCC1,-5.915,<rdkit.Chem.rdchem.Mol object at 0x15206ccabb30>,23
CC1=CCCCC1,-3.27,<rdkit.Chem.rdchem.Mol object at 0x15206ccabba0>,7
CCCCC(C=O)CC,-2.13,<rdkit.Chem.rdchem.Mol object at 0x15206ccabc10>,9
COc1c2occc2c(OC)c2c(=O)cc(C)oc12,-3.0210000000000004,<rdkit.Chem.rdchem.Mol object at 0x15206ccabc80>,19
c1ccc2c3c(ccc2c1)-c1cccc2cccc-3c12,-8.0,<rdkit.Chem.rdchem.Mol object at 0x15206ccabcf0>,20
CCC(C=O)CC,-1.52,<rdkit.Chem.rdchem.Mol object at 0x15206ccabd60>,7
CCCOCCC,-1.62,<rdkit.Chem.rdchem.Mol object at 0x15206ccabdd0>,7
CCCCCCCCCCCCCCO,-5.84,<rdkit.Chem.rdchem.Mol object at 0x15206ccabe40>,15
Oc1c(Cl)ccc(Cl)c1Cl,-2.64,<rdkit.Chem.rdchem.Mol object at 0x15206ccabeb0>,10
NC(N)=O,0.96,<rdkit.Chem.rdchem.Mol object at 0x15206ccabf20>,4
C#CCCC,-1.64,<rdkit.Chem.rdchem.Mol object at 0x15206ccabf90>,5
Brc1cccc(Br)c1,-3.54,<rdkit.Chem.rdchem.Mol object at 0x15206ccac040>,8
CCCCCCCCCCCCCCCCCCO,-8.4,<rdkit.Chem.rdchem.Mol object at 0x15206ccac0b0>,19
CC(=O)Nc1ccccc1,-1.33,<rdkit.Chem.rdchem.Mol object at 0x15206ccac120>,10
O=C1C=C2CC3(O)COc4c(ccc(O)c4O)C3=C2C=C1O,-2.7,<rdkit.Chem.rdchem.Mol object at 0x15206ccac190>,22
NNC(=O)c1ccncc1,0.009,<rdkit.Chem.rdchem.Mol object at 0x15206ccac200>,10
OC1C=CC2C1C1(Cl)C(Cl)=C(Cl)C2(Cl)C1(Cl)Cl,-5.46,<rdkit.Chem.rdchem.Mol object at 0x15206ccac270>,17
CC(C)CCOC=O,-1.52,<rdkit.Chem.rdchem.Mol object at 0x15206ccac2e0>,8
CC(=O)c1ccccc1,-1.28,<rdkit.Chem.rdchem.Mol object at 0x15206ccac350>,9
c1ccc2nc(-c3ccc4ccccc4n3)ccc2c1,-5.4,<rdkit.Chem.rdchem.Mol object at 0x15206ccac3c0>,20
CCOP(=O)(OCC)OCC,0.43,<rdkit.Chem.rdchem.Mol object at 0x15206ccac430>,11
CC12CCC(C1)C(C)(C)C2=O,-1.85,<rdkit.Chem.rdchem.Mol object at 0x15206ccac4a0>,11
COc1cnc2cncnc2n1,-0.91,<rdkit.Chem.rdchem.Mol object at 0x15206ccac510>,12
ClC1=C(Cl)C2(Cl)C3CC=CC3C1(Cl)C2(Cl)Cl,-5.64,<rdkit.Chem.rdchem.Mol object at 0x15206ccac580>,16
CC(C)[N+](=O)[O-],-0.62,<rdkit.Chem.rdchem.Mol object at 0x15206ccac5f0>,6
c1ccc2c(c1)[nH]c1ccccc12,-5.27,<rdkit.Chem.rdchem.Mol object at 0x15206ccac660>,13
OCC(O)C(O)CO,0.7,<rdkit.Chem.rdchem.Mol object at 0x15206ccac6d0>,8
CCCOC(=O)c1ccc(N)cc1,-2.452,<rdkit.Chem.rdchem.Mol object at 0x15206ccac740>,13
CNC(=O)C=C(C)OP(=O)(OC)OC,0.6509999999999999,<rdkit.Chem.rdchem.Mol object at 0x15206ccac7b0>,14
O=C1CCC(=O)N1,0.3,<rdkit.Chem.rdchem.Mol object at 0x15206ccac820>,7
CCC(C)C(C)C,-4.28,<rdkit.Chem.rdchem.Mol object at 0x15206ccac890>,7
CCCCc1c(C)nc(NCC)nc1OS(=O)(=O)N(C)C,-4.16,<rdkit.Chem.rdchem.Mol object at 0x15206ccac900>,21
CCN1c2ncccc2C(=S)N(C)c2cccnc21,-4.634,<rdkit.Chem.rdchem.Mol object at 0x15206ccac970>,19
CCN1C(=O)c2ccccc2Oc2ccccc21,-3.68,<rdkit.Chem.rdchem.Mol object at 0x15206ccac9e0>,18
C1CCOCC1,-0.03,<rdkit.Chem.rdchem.Mol object at 0x15206ccaca50>,6
C#CCCCCC,-3.01,<rdkit.Chem.rdchem.Mol object at 0x15206ccacac0>,7
COc1ccc2ccc(=O)oc2c1CC=C(C)C,-4.314,<rdkit.Chem.rdchem.Mol object at 0x15206ccacb30>,18
Cc1ccc2c(ccc3c4c5c(cccc5cc32)CC4)c1,-7.92,<rdkit.Chem.rdchem.Mol object at 0x15206ccacba0>,21
CCOC(=O)c1ccccc1,-2.32,<rdkit.Chem.rdchem.Mol object at 0x15206ccacc10>,11
CC(C)CCl,-2.0,<rdkit.Chem.rdchem.Mol object at 0x15206ccacc80>,5
C#CC1(O)CCC2C3CCc4cc(O)ccc4C3CCC21C,-4.3,<rdkit.Chem.rdchem.Mol object at 0x15206ccaccf0>,22
CCCCCCCCCCCC(=O)OC,-4.69,<rdkit.Chem.rdchem.Mol object at 0x15206ccacd60>,15
CCCSCCC,-2.58,<rdkit.Chem.rdchem.Mol object at 0x15206ccacdd0>,7
c1ccc2cc3cc4ccccc4cc3cc2c1,-8.6,<rdkit.Chem.rdchem.Mol object at 0x15206ccace40>,18
CCCCCBr,-3.08,<rdkit.Chem.rdchem.Mol object at 0x15206ccaceb0>,6
C/C=C/CCCC,-3.82,<rdkit.Chem.rdchem.Mol object at 0x15206ccacf20>,7
CCCCCC1CCCC1,-6.08,<rdkit.Chem.rdchem.Mol object at 0x15206ccacf90>,10
Clc1ccc(Cl)c(-c2c(Cl)c(Cl)cc(Cl)c2Cl)c1,-7.42,<rdkit.Chem.rdchem.Mol object at 0x15206ccad040>,18
CC(Cl)(Cl)Cl,-2.0,<rdkit.Chem.rdchem.Mol object at 0x15206ccad0b0>,5
CON(C)C(=O)Nc1ccc(Cl)cc1,-2.57,<rdkit.Chem.rdchem.Mol object at 0x15206ccad120>,14
O=C1NC(=O)C2(CCCCC2)C(=O)N1,-3.06,<rdkit.Chem.rdchem.Mol object at 0x15206ccad190>,14
CN(C)C(=O)OC1=CC(=O)CC(C)(C)C1,-0.85,<rdkit.Chem.rdchem.Mol object at 0x15206ccad200>,15
Cc1ccc(Br)cc1,-3.19,<rdkit.Chem.rdchem.Mol object at 0x15206ccad270>,8
CCOCC,-0.09,<rdkit.Chem.rdchem.Mol object at 0x15206ccad2e0>,5
CC(C)NC(=O)N1CC(=O)N(c2cc(Cl)cc(Cl)c2)C1=O,-4.376,<rdkit.Chem.rdchem.Mol object at 0x15206ccad350>,21
CCCCN(CC)c1c([N+](=O)[O-])cc(C(F)(F)F)cc1[N+](=O)[O-],-5.53,<rdkit.Chem.rdchem.Mol object at 0x15206ccad3c0>,23
Cc1cc(C)c(O)c(C)c1,-2.05,<rdkit.Chem.rdchem.Mol object at 0x15206ccad430>,10
c1ccccc1,-1.64,<rdkit.Chem.rdchem.Mol object at 0x15206ccad4a0>,6
Clc1ccc(I)cc1,-4.03,<rdkit.Chem.rdchem.Mol object at 0x15206ccad510>,8
COc1ccc(NC(=O)N(C)C)cc1Cl,-2.564,<rdkit.Chem.rdchem.Mol object at 0x15206ccad580>,15
CC(C)N(C(=O)CCl)c1ccccc1,-2.48,<rdkit.Chem.rdchem.Mol object at 0x15206ccad5f0>,14
C=Cc1ccccc1,-2.82,<rdkit.Chem.rdchem.Mol object at 0x15206ccad660>,8
COCOC,0.48,<rdkit.Chem.rdchem.Mol object at 0x15206ccad6d0>,5
Cc1ccccc1C,-2.8,<rdkit.Chem.rdchem.Mol object at 0x15206ccad740>,8
CCC(C)O,0.47,<rdkit.Chem.rdchem.Mol object at 0x15206ccad7b0>,5
Oc1ccc(O)cc1,-0.17,<rdkit.Chem.rdchem.Mol object at 0x15206ccad820>,8
CC12CCC3c4ccc(O)cc4CCC3C1CC(O)C2O,-4.955,<rdkit.Chem.rdchem.Mol object at 0x15206ccad890>,21
c1ccc2c(c1)Cc1cc3ccccc3cc1-2,-8.04,<rdkit.Chem.rdchem.Mol object at 0x15206ccad900>,17
O=C1CNC(=O)N1,-0.4,<rdkit.Chem.rdchem.Mol object at 0x15206ccad970>,7
CCCCCCc1ccc(O)cc1O,-2.59,<rdkit.Chem.rdchem.Mol object at 0x15206ccad9e0>,14
C=CCS[S+]([O-])CC=C,-0.83,<rdkit.Chem.rdchem.Mol object at 0x15206ccada50>,9
CCOP(=S)(OCC)Oc1ccc2oc(=O)c(Cl)c(C)c2c1,-5.3820000000000014,<rdkit.Chem.rdchem.Mol object at 0x15206ccadac0>,22
Cc1c(C)c2c3ccccc3ccc2c2ccccc12,-7.01,<rdkit.Chem.rdchem.Mol object at 0x15206ccadb30>,20
CCCCC(=O)OC1(C(=O)CO)C(C)CC2C3CCC4=CC(=O)C=CC4(C)C3(F)C(O)CC21C,-4.71,<rdkit.Chem.rdchem.Mol object at 0x15206ccadba0>,34
O=c1[nH]c(=O)c2[nH]c(=O)[nH]c2[nH]1,-3.93,<rdkit.Chem.rdchem.Mol object at 0x15206ccadc10>,12
Oc1c(Cl)cc(Cl)c(Cl)c1Cl,-3.1,<rdkit.Chem.rdchem.Mol object at 0x15206ccadc80>,11
Clc1cccc(Cl)c1,-3.04,<rdkit.Chem.rdchem.Mol object at 0x15206ccadcf0>,8
Clc1ccc(C(c2ccc(Cl)cc2)C(Cl)(Cl)Cl)cc1,-7.15,<rdkit.Chem.rdchem.Mol object at 0x15206ccadd60>,19
CC(C)COC=O,-1.01,<rdkit.Chem.rdchem.Mol object at 0x15206ccaddd0>,7
CSc1ccccc1,-2.39,<rdkit.Chem.rdchem.Mol object at 0x15206ccade40>,8
CCN1c2ncccc2C(=O)Nc2c(C(F)(F)F)cc(C)nc21,-4.207,<rdkit.Chem.rdchem.Mol object at 0x15206ccadeb0>,23
CCCCCC,-3.84,<rdkit.Chem.rdchem.Mol object at 0x15206ccadf20>,6
COC(=O)c1cccnc1,-0.46,<rdkit.Chem.rdchem.Mol object at 0x15206ccadf90>,10
NS(=O)(=O)c1cc2c(cc1C(F)(F)F)NC(Cc1ccccc1)NS2(=O)=O,-3.59,<rdkit.Chem.rdchem.Mol object at 0x15206ccae040>,27
Clc1ccc(-c2cc(Cl)c(Cl)c(Cl)c2Cl)cc1Cl,-7.82,<rdkit.Chem.rdchem.Mol object at 0x15206ccae0b0>,18
C=CC1(C)OC(=O)N(c2cc(Cl)cc(Cl)c2)C1=O,-4.925,<rdkit.Chem.rdchem.Mol object at 0x15206ccae120>,18
CCNc1nc(Cl)nc(NC(C)(C)C#N)n1,-3.15,<rdkit.Chem.rdchem.Mol object at 0x15206ccae190>,16
c1ccc2c(c1)c1ccccc1c1ccccc21,-6.726,<rdkit.Chem.rdchem.Mol object at 0x15206ccae200>,18
CC=C(C(=CC)c1ccc(O)cc1)c1ccc(O)cc1,-4.95,<rdkit.Chem.rdchem.Mol object at 0x15206ccae270>,20
CCCCC(CC)COC(=O)c1ccccc1C(=O)OCC(CC)CCCC,-6.96,<rdkit.Chem.rdchem.Mol object at 0x15206ccae2e0>,28
CCc1ccccn1,0.51,<rdkit.Chem.rdchem.Mol object at 0x15206ccae350>,8
COP(=O)(OC)OC(Br)C(Cl)(Cl)Br,-2.28,<rdkit.Chem.rdchem.Mol object at 0x15206ccae3c0>,13
c1ccc(-c2ccccc2)cc1,-4.345,<rdkit.Chem.rdchem.Mol object at 0x15206ccae430>,12
Clc1cc(Cl)c(-c2c(Cl)cc(Cl)cc2Cl)c(Cl)c1,-8.71,<rdkit.Chem.rdchem.Mol object at 0x15206ccae4a0>,18
CN(C)c1nc(N(C)C)nc(N(C)C)n1,-3.364,<rdkit.Chem.rdchem.Mol object at 0x15206ccae510>,15
CC(C)CC(C)(C)O,-0.92,<rdkit.Chem.rdchem.Mol object at 0x15206ccae580>,8
O=C1NC(=O)C2(CCCCCC2)C(=O)N1,-3.168,<rdkit.Chem.rdchem.Mol object at 0x15206ccae5f0>,15
OCC1OC(O)(CO)C(O)C1O,0.64,<rdkit.Chem.rdchem.Mol object at 0x15206ccae660>,12
Cc1cc(C)cc(O)c1,-1.4,<rdkit.Chem.rdchem.Mol object at 0x15206ccae6d0>,9
O=C(Nc1cccc(Cl)c1)OCC#CCCl,-4.37,<rdkit.Chem.rdchem.Mol object at 0x15206ccae740>,16
CC(=O)Nc1ccc(Cl)cc1,-2.843,<rdkit.Chem.rdchem.Mol object at 0x15206ccae7b0>,11
Clc1ccc(Cl)c(-c2c(Cl)c(Cl)c(Cl)c(Cl)c2Cl)c1,-8.94,<rdkit.Chem.rdchem.Mol object at 0x15206ccae820>,19
CCC(C)(C)C,-3.55,<rdkit.Chem.rdchem.Mol object at 0x15206ccae890>,6
CNc1ccccc1,-1.28,<rdkit.Chem.rdchem.Mol object at 0x15206ccae900>,8
C=CCC=C,-2.09,<rdkit.Chem.rdchem.Mol object at 0x15206ccae970>,5
CC(=O)OCC(=O)C1(O)CCC2C3CCC4=CC(=O)CCC4(C)C3C(O)CC21C,-4.88,<rdkit.Chem.rdchem.Mol object at 0x15206ccae9e0>,29
Cc1cc([N+](=O)[O-])cc([N+](=O)[O-])c1O,-1.456,<rdkit.Chem.rdchem.Mol object at 0x15206ccaea50>,14
O=C1Nc2ccc(Cl)cc2C(c2ccccc2Cl)=NC1O,-3.604,<rdkit.Chem.rdchem.Mol object at 0x15206ccaeac0>,21
Oc1cccc(Cl)c1,-0.7,<rdkit.Chem.rdchem.Mol object at 0x15206ccaeb30>,8
Clc1cccc(Br)c1,-3.21,<rdkit.Chem.rdchem.Mol object at 0x15206ccaeba0>,8
NS(=O)(=O)c1cc2c(cc1Cl)N=CNS2(=O)=O,-3.05,<rdkit.Chem.rdchem.Mol object at 0x15206ccaec10>,17
CCC1(C)C(=O)NC(=O)NC1=O,-1.228,<rdkit.Chem.rdchem.Mol object at 0x15206ccaec80>,12
OCCOc1ccccc1,-0.7,<rdkit.Chem.rdchem.Mol object at 0x15206ccaecf0>,10
c1ccc(Cc2ccccc2)cc1,-4.08,<rdkit.Chem.rdchem.Mol object at 0x15206ccaed60>,13
CCCCCC(O)CC,-1.98,<rdkit.Chem.rdchem.Mol object at 0x15206ccaedd0>,9
CCN(Cc1c(F)cccc1Cl)c1c([N+](=O)[O-])cc(C(F)(F)F)cc1[N+](=O)[O-],-6.78,<rdkit.Chem.rdchem.Mol object at 0x15206ccaee40>,28
CC(C)Nc1nc(Cl)nc(NC(C)C)n1,-4.43,<rdkit.Chem.rdchem.Mol object at 0x15206ccaeeb0>,15
CCCC(C)CO,-1.11,<rdkit.Chem.rdchem.Mol object at 0x15206ccaef20>,7
CCCCC(C)(C)O,-1.08,<rdkit.Chem.rdchem.Mol object at 0x15206ccaef90>,8
CCc1ccccc1,-2.77,<rdkit.Chem.rdchem.Mol object at 0x15206ccaf040>,8
CCC1(CC=C(C)C)C(=O)NC(=O)NC1=O,-2.253,<rdkit.Chem.rdchem.Mol object at 0x15206ccaf0b0>,16
ClC1=C(Cl)C2(Cl)C3C(Cl)C=CC3C1(Cl)C2(Cl)Cl,-6.317,<rdkit.Chem.rdchem.Mol object at 0x15206ccaf120>,17
C=C(Br)CC1(C(C)CC)C(=O)NC(=O)NC1=O,-2.647,<rdkit.Chem.rdchem.Mol object at 0x15206ccaf190>,17
CC1(C)C(C(=O)OC(C#N)c2cccc(Oc3ccccc3)c2)C1(C)C,-6.025,<rdkit.Chem.rdchem.Mol object at 0x15206ccaf200>,26
COC(C)(C)CCCC(C)CC=CC(C)=CC(=O)OC(C)C,-5.19,<rdkit.Chem.rdchem.Mol object at 0x15206ccaf270>,22
CCOC(=O)CC,-0.66,<rdkit.Chem.rdchem.Mol object at 0x15206ccaf2e0>,7
CSc1nc(NC(C)C)nc(NC(C)C)n1,-4.1,<rdkit.Chem.rdchem.Mol object at 0x15206ccaf350>,16
C#CC(C)N(C)C(=O)Nc1ccc(Cl)cc1,-3.9,<rdkit.Chem.rdchem.Mol object at 0x15206ccaf3c0>,16
Cc1cc2ccccc2cc1C,-4.72,<rdkit.Chem.rdchem.Mol object at 0x15206ccaf430>,12
Clc1ccc(-c2cc(Cl)ccc2Cl)cc1,-6.25,<rdkit.Chem.rdchem.Mol object at 0x15206ccaf4a0>,15
Clc1ccc(-c2cc(Cl)c(Cl)c(Cl)c2Cl)c(Cl)c1,-7.39,<rdkit.Chem.rdchem.Mol object at 0x15206ccaf510>,18
N#CN=C(N)N,-0.31,<rdkit.Chem.rdchem.Mol object at 0x15206ccaf580>,6
O=[N+]([O-])C(Cl)(Cl)Cl,-2.0,<rdkit.Chem.rdchem.Mol object at 0x15206ccaf5f0>,7
Clc1cccc(Cl)c1-c1ccccc1,-5.21,<rdkit.Chem.rdchem.Mol object at 0x15206ccaf660>,14
COc1ccc(C=O)cc1,-1.49,<rdkit.Chem.rdchem.Mol object at 0x15206ccaf6d0>,10
CC(=O)Nc1ccc([N+](=O)[O-])cc1,-2.692,<rdkit.Chem.rdchem.Mol object at 0x15206ccaf740>,13
CCCCCCC(=O)OCC,-2.74,<rdkit.Chem.rdchem.Mol object at 0x15206ccaf7b0>,11
CC(=O)Nc1ccc(O)cc1,-1.03,<rdkit.Chem.rdchem.Mol object at 0x15206ccaf820>,11
c1ccc2[nH]ncc2c1,-2.16,<rdkit.Chem.rdchem.Mol object at 0x15206ccaf890>,9
CC1(C)OC2CC3C4CCC5=CC(=O)C=CC5(C)C4(F)C(O)CC3(C)C2(C(=O)CO)O1,-4.31,<rdkit.Chem.rdchem.Mol object at 0x15206ccaf900>,31
Nc1nc2[nH]cnc2c(=O)[nH]1,-3.583,<rdkit.Chem.rdchem.Mol object at 0x15206ccaf970>,11
COC(C)=O,0.46,<rdkit.Chem.rdchem.Mol object at 0x15206ccaf9e0>,5
CC12CCC3C(CCC4CC(=O)CCC43C)C1CCC2O,-4.743,<rdkit.Chem.rdchem.Mol object at 0x15206ccafa50>,21
C=CC(O)CCC,-0.59,<rdkit.Chem.rdchem.Mol object at 0x15206ccafac0>,7
O=C1NC(=O)C2C3C(C(O)(c4ccccc4)c4ccccn4)=CC(C3=C(c3ccccc3)c3ccccn3)C12,-3.931,<rdkit.Chem.rdchem.Mol object at 0x15206ccafb30>,39
CCCCOCCCC,-1.85,<rdkit.Chem.rdchem.Mol object at 0x15206ccafba0>,9
CCCCCCCCCCCCO,-4.8,<rdkit.Chem.rdchem.Mol object at 0x15206ccafc10>,13
CCN1c2nc(N(C)CCO)ccc2NC(=O)c2cccnc21,-3.36,<rdkit.Chem.rdchem.Mol object at 0x15206ccafc80>,23
CCCC(C)(C)O,-0.49,<rdkit.Chem.rdchem.Mol object at 0x15206ccafcf0>,7
Nc1nc(=O)[nH]cc1F,-0.972,<rdkit.Chem.rdchem.Mol object at 0x15206ccafd60>,9
CCCCOc1ccc(C(=O)OCC)c(N(CC)CC)c1,-3.84,<rdkit.Chem.rdchem.Mol object at 0x15206ccafdd0>,21
CCCCCC(C)(C)O,-1.72,<rdkit.Chem.rdchem.Mol object at 0x15206ccafe40>,9
Cc1c(C)c(C)c(C)c(C)c1C,-5.23,<rdkit.Chem.rdchem.Mol object at 0x15206ccafeb0>,12
Cc1ccc(C(C)C)c(O)c1,-2.22,<rdkit.Chem.rdchem.Mol object at 0x15206ccaff20>,11
c1cnc2ncncc2n1,0.02,<rdkit.Chem.rdchem.Mol object at 0x15206ccaff90>,10
CCOP(=S)(OCC)Oc1ccc([N+](=O)[O-])cc1,-4.66,<rdkit.Chem.rdchem.Mol object at 0x15206ccb0040>,18
C,-0.9,<rdkit.Chem.rdchem.Mol object at 0x15206ccb00b0>,1
c1ccc2c(c1)CCN2,-1.04,<rdkit.Chem.rdchem.Mol object at 0x15206ccb0120>,9
O=[N+]([O-])c1cccc2ccccc12,-3.54,<rdkit.Chem.rdchem.Mol object at 0x15206ccb0190>,13
CCC(C)C(C)=O,-0.67,<rdkit.Chem.rdchem.Mol object at 0x15206ccb0200>,7
Nc1nc(O)nc2nc[nH]c12,-3.401,<rdkit.Chem.rdchem.Mol object at 0x15206ccb0270>,11
O=c1oc2ccccc2c(O)c1C(CC(O)c1ccc(-c2ccc(Br)cc2)cc1)c1ccccc1,-4.445,<rdkit.Chem.rdchem.Mol object at 0x15206ccb02e0>,35
C[N+](=O)[O-],0.26,<rdkit.Chem.rdchem.Mol object at 0x15206ccb0350>,4
CC(C)N(C(=O)SCC(Cl)=C(Cl)Cl)C(C)C,-4.88,<rdkit.Chem.rdchem.Mol object at 0x15206ccb03c0>,16
C=CCCC=C,-2.68,<rdkit.Chem.rdchem.Mol object at 0x15206ccb0430>,6
c1ccc2[nH]ccc2c1,-1.52,<rdkit.Chem.rdchem.Mol object at 0x15206ccb04a0>,9
CC12CCC3C(CCC4=CC(=O)CCC43C)C1CCC2=O,-3.69,<rdkit.Chem.rdchem.Mol object at 0x15206ccb0510>,21
C=CCCCC,-3.23,<rdkit.Chem.rdchem.Mol object at 0x15206ccb0580>,6
Cc1cccc(C)c1NC(=O)c1cc(S(N)(=O)=O)c(Cl)cc1O,-3.79,<rdkit.Chem.rdchem.Mol object at 0x15206ccb05f0>,23
CCC1CCCCC1,-4.25,<rdkit.Chem.rdchem.Mol object at 0x15206ccb0660>,8
CCCCCCCC(C)=O,-2.58,<rdkit.Chem.rdchem.Mol object at 0x15206ccb06d0>,10
COC(=O)Nc1nc2ccc(C(=O)c3ccccc3)cc2[nH]1,-3.88,<rdkit.Chem.rdchem.Mol object at 0x15206ccb0740>,22
CC(C)OC(=O)Nc1cccc(Cl)c1,-3.38,<rdkit.Chem.rdchem.Mol object at 0x15206ccb07b0>,14
CCN1c2ncccc2C(=O)N(C)c2ccc(Cl)nc21,-4.114,<rdkit.Chem.rdchem.Mol object at 0x15206ccb0820>,20
CNC(=O)Oc1cccc2ccccc12,-3.224,<rdkit.Chem.rdchem.Mol object at 0x15206ccb0890>,15
C#C,0.29,<rdkit.Chem.rdchem.Mol object at 0x15206ccb0900>,2
Cc1cncc(C)c1,0.38,<rdkit.Chem.rdchem.Mol object at 0x15206ccb0970>,8
C1=CCC=CC1,-2.06,<rdkit.Chem.rdchem.Mol object at 0x15206ccb09e0>,6
CCOC(=O)N(C)C(=O)CSP(=S)(OCC)OCC,-2.518,<rdkit.Chem.rdchem.Mol object at 0x15206ccb0a50>,19
CC(O)c1ccccc1,-0.92,<rdkit.Chem.rdchem.Mol object at 0x15206ccb0ac0>,9
CC(Cl)CCl,-1.6,<rdkit.Chem.rdchem.Mol object at 0x15206ccb0b30>,5
CCCC=C(C=O)CC,-2.46,<rdkit.Chem.rdchem.Mol object at 0x15206ccb0ba0>,9
CCOP(=S)(OCC)SCCSCC,-4.23,<rdkit.Chem.rdchem.Mol object at 0x15206ccb0c10>,14
CC(=O)OC1(C)CCC2C3CCC4=CC(=O)CCC4(C)C3CCC21C,-5.284,<rdkit.Chem.rdchem.Mol object at 0x15206ccb0c80>,25
Clc1ccc(-c2c(Cl)cccc2Cl)cc1,-6.14,<rdkit.Chem.rdchem.Mol object at 0x15206ccb0cf0>,15
O=C(NC(=O)c1c(F)cccc1F)Nc1ccc(Cl)cc1,-6.02,<rdkit.Chem.rdchem.Mol object at 0x15206ccb0d60>,21
Oc1cc(Cl)ccc1Oc1ccc(Cl)cc1Cl,-4.46,<rdkit.Chem.rdchem.Mol object at 0x15206ccb0dd0>,17
CC(C)CCCCCOC(=O)c1ccccc1C(=O)OCCCCCC(C)C,-6.6370000000000005,<rdkit.Chem.rdchem.Mol object at 0x15206ccb0e40>,28
CC12CCC(=O)C=C1CCC1C2C(O)CC2(C)C(C(=O)CO)CCC12,-3.24,<rdkit.Chem.rdchem.Mol object at 0x15206ccb0eb0>,25
Cc1cc(C)cc(C)c1,-3.4,<rdkit.Chem.rdchem.Mol object at 0x15206ccb0f20>,9
CCCCCCCCOC(=O)c1ccccc1C(=O)OCCCCCCCC,-5.115,<rdkit.Chem.rdchem.Mol object at 0x15206ccb0f90>,28
CCCCCCCCCCCCCCCO,-6.35,<rdkit.Chem.rdchem.Mol object at 0x15206ccb1040>,16
Clc1cccc(Cl)c1-c1c(Cl)cccc1Cl,-7.39,<rdkit.Chem.rdchem.Mol object at 0x15206ccb10b0>,16
CC1(C)C(=O)NC(=O)NC1=O,-1.742,<rdkit.Chem.rdchem.Mol object at 0x15206ccb1120>,11
CC(C)I,-2.09,<rdkit.Chem.rdchem.Mol object at 0x15206ccb1190>,4
O=[N+]([O-])c1ccccc1[N+](=O)[O-],-3.1,<rdkit.Chem.rdchem.Mol object at 0x15206ccb1200>,12
CC(=O)C(C)C,-0.12,<rdkit.Chem.rdchem.Mol object at 0x15206ccb1270>,6
CCCCCCCCCCCCCCCC,-8.4,<rdkit.Chem.rdchem.Mol object at 0x15206ccb12e0>,16
Cc1cccc2sc3nncn3c12,-2.07,<rdkit.Chem.rdchem.Mol object at 0x15206ccb1350>,13
CCCCCCC(C)=O,-2.05,<rdkit.Chem.rdchem.Mol object at 0x15206ccb13c0>,9
CCCCCCCCC(=O)OC,-3.38,<rdkit.Chem.rdchem.Mol object at 0x15206ccb1430>,12
Fc1ccc(F)cc1,-1.97,<rdkit.Chem.rdchem.Mol object at 0x15206ccb14a0>,8
O=C1CCC(N2C(=O)c3ccccc3C2=O)C(=O)N1,-2.676,<rdkit.Chem.rdchem.Mol object at 0x15206ccb1510>,19
CCCN(CCC)c1c([N+](=O)[O-])cc(C(F)(F)F)cc1[N+](=O)[O-],-5.68,<rdkit.Chem.rdchem.Mol object at 0x15206ccb1580>,23
CCO,1.1,<rdkit.Chem.rdchem.Mol object at 0x15206ccb15f0>,3
O=C1NC(=O)C2(CCCC2)C(=O)N1,-2.349,<rdkit.Chem.rdchem.Mol object at 0x15206ccb1660>,13
CCNC(=O)C(C)OC(=O)Nc1ccccc1,-1.83,<rdkit.Chem.rdchem.Mol object at 0x15206ccb16d0>,17
CC(C)=CC1C(C(=O)OCc2cccc(Oc3ccccc3)c2)C1(C)C,-5.24,<rdkit.Chem.rdchem.Mol object at 0x15206ccb1740>,26
CN(C)C(=O)NC1CCCCCCC1,-2.218,<rdkit.Chem.rdchem.Mol object at 0x15206ccb17b0>,14
ClC1(Cl)C2(Cl)C3(Cl)C4(Cl)C(Cl)(Cl)C5(Cl)C3(Cl)C1(Cl)C5(Cl)C24Cl,-6.8,<rdkit.Chem.rdchem.Mol object at 0x15206ccb1820>,22
CCCCCCCCBr,-5.06,<rdkit.Chem.rdchem.Mol object at 0x15206ccb1890>,9
CCCCNC(=O)n1c(NC(=O)OC)nc2ccccc21,-4.883,<rdkit.Chem.rdchem.Mol object at 0x15206ccb1900>,21
Cc1c(N(C)C)c(=O)n(-c2ccccc2)n1C,-0.364,<rdkit.Chem.rdchem.Mol object at 0x15206ccb1970>,17
CCC(O)CC,-0.24,<rdkit.Chem.rdchem.Mol object at 0x15206ccb19e0>,6
Cc1ccc([N+](=O)[O-])cc1,-2.49,<rdkit.Chem.rdchem.Mol object at 0x15206ccb1a50>,10
CC(C)CCCO,-1.14,<rdkit.Chem.rdchem.Mol object at 0x15206ccb1ac0>,7
C#CC1(O)CCC2C3CCC4=CC(=O)CCC4(O)C3CCC21C,-4.57,<rdkit.Chem.rdchem.Mol object at 0x15206ccb1b30>,23
CC(C)OC(=O)C(O)(c1ccc(Br)cc1)c1ccc(Br)cc1,-4.93,<rdkit.Chem.rdchem.Mol object at 0x15206ccb1ba0>,22
Nc1cnn(-c2ccccc2)c(=O)c1Cl,-2.878,<rdkit.Chem.rdchem.Mol object at 0x15206ccb1c10>,15
CCC(C)(C)O,0.15,<rdkit.Chem.rdchem.Mol object at 0x15206ccb1c80>,6
Cc1ccc(O)cc1,-0.73,<rdkit.Chem.rdchem.Mol object at 0x15206ccb1cf0>,8
CCOC=O,0.15,<rdkit.Chem.rdchem.Mol object at 0x15206ccb1d60>,5
CN(C)c1ccccc1,-1.92,<rdkit.Chem.rdchem.Mol object at 0x15206ccb1dd0>,9
C1CCC2CCCCC2C1,-5.19,<rdkit.Chem.rdchem.Mol object at 0x15206ccb1e40>,10
CCCCS,-2.18,<rdkit.Chem.rdchem.Mol object at 0x15206ccb1eb0>,5
c1ccc2c(c1)c1cccc3ccc4cccc2c4c31,-7.8,<rdkit.Chem.rdchem.Mol object at 0x15206ccb1f20>,20
ClC(Cl)=C(Cl)Cl,-2.54,<rdkit.Chem.rdchem.Mol object at 0x15206ccb1f90>,6
CCC(=O)CC,-0.28,<rdkit.Chem.rdchem.Mol object at 0x15206ccb2040>,6
C=CC#N,0.15,<rdkit.Chem.rdchem.Mol object at 0x15206ccb20b0>,4
CC1CC2C3CC(F)C4=CC(=O)C=CC4(C)C3(F)C(O)CC2(C)C1(O)C(=O)CO,-5.613,<rdkit.Chem.rdchem.Mol object at 0x15206ccb2120>,29
CCCCC(C)=O,-0.8,<rdkit.Chem.rdchem.Mol object at 0x15206ccb2190>,7
CCNc1nc(NC(C)(C)C)nc(OC)n1,-3.239,<rdkit.Chem.rdchem.Mol object at 0x15206ccb2200>,16
CCCCC(C)CC,-5.16,<rdkit.Chem.rdchem.Mol object at 0x15206ccb2270>,8
BrCCBr,-1.68,<rdkit.Chem.rdchem.Mol object at 0x15206ccb22e0>,4
CNC(=O)Oc1ccccc1C(C)C,-2.863,<rdkit.Chem.rdchem.Mol object at 0x15206ccb2350>,14
O=C1NCCN1c1ncc([N+](=O)[O-])s1,-3.22,<rdkit.Chem.rdchem.Mol object at 0x15206ccb23c0>,14
c1ccc2c(c1)Cc1c-2ccc2ccccc12,-6.68,<rdkit.Chem.rdchem.Mol object at 0x15206ccb2430>,17
COc1ccccc1Cl,-2.46,<rdkit.Chem.rdchem.Mol object at 0x15206ccb24a0>,9
COP(=S)(OC)Oc1cc(Cl)c(Br)cc1Cl,-6.09,<rdkit.Chem.rdchem.Mol object at 0x15206ccb2510>,16
O=C(CC(Cl)Cl)NC1=C(Cl)C(=O)c2ccccc2C1=O,-5.03,<rdkit.Chem.rdchem.Mol object at 0x15206ccb2580>,20
C=CC(=O)OC,-0.22,<rdkit.Chem.rdchem.Mol object at 0x15206ccb25f0>,6
CN(C)C(=O)Nc1ccc(Oc2ccc(Cl)cc2)cc1,-4.89,<rdkit.Chem.rdchem.Mol object at 0x15206ccb2660>,20
c1ccc(N=Nc2ccccc2)cc1,-4.45,<rdkit.Chem.rdchem.Mol object at 0x15206ccb26d0>,14
Cc1ccc(C(C)C)cc1,-3.77,<rdkit.Chem.rdchem.Mol object at 0x15206ccb2740>,10
Oc1c(Cl)cccc1Cl,-1.79,<rdkit.Chem.rdchem.Mol object at 0x15206ccb27b0>,9
OCC1OC(OC2(CO)OC(CO)C(O)C2O)C(O)C(O)C1O,0.79,<rdkit.Chem.rdchem.Mol object at 0x15206ccb2820>,23
OC1C(O)C(O)C(O)C(O)C1O,0.35,<rdkit.Chem.rdchem.Mol object at 0x15206ccb2890>,12
Cn1c(=O)c2c(ncn2CC(O)CO)n(C)c1=O,-0.17,<rdkit.Chem.rdchem.Mol object at 0x15206ccb2900>,18
O=C(NC(CO)C(O)c1ccc([N+](=O)[O-])cc1)C(Cl)Cl,-2.111,<rdkit.Chem.rdchem.Mol object at 0x15206ccb2970>,20
CCC(O)(CC)CC,-0.85,<rdkit.Chem.rdchem.Mol object at 0x15206ccb29e0>,8
CC12CCC3C(CCC4CC5SC5CC43C)C1CCC2O,-5.41,<rdkit.Chem.rdchem.Mol object at 0x15206ccb2a50>,21
Brc1ccccc1Br,-3.5,<rdkit.Chem.rdchem.Mol object at 0x15206ccb2ac0>,8
Oc1c(Cl)cc(Cl)cc1Cl,-2.34,<rdkit.Chem.rdchem.Mol object at 0x15206ccb2b30>,10
CCCN(CCC)c1c([N+](=O)[O-])cc(S(N)(=O)=O)cc1[N+](=O)[O-],-5.16,<rdkit.Chem.rdchem.Mol object at 0x15206ccb2ba0>,23
O=C1c2ccccc2Cc2ccccc2N1CCF,-4.799,<rdkit.Chem.rdchem.Mol object at 0x15206ccb2c10>,19
CC(C)C(=O)C(C)C,-1.3,<rdkit.Chem.rdchem.Mol object at 0x15206ccb2c80>,8
CC(C)=CCC1(C(C)C)C(=O)NC(=O)NC1=O,-2.593,<rdkit.Chem.rdchem.Mol object at 0x15206ccb2cf0>,17
COC1=CC2OC3C=CC(O)=CC3C(=O)C2C(O)=C1,-2.943,<rdkit.Chem.rdchem.Mol object at 0x15206ccb2d60>,19
Cn1c(=O)c2c(ncn2C)n(C)c1=O,-0.8759999999999999,<rdkit.Chem.rdchem.Mol object at 0x15206ccb2dd0>,14
CC(=O)SC1CC2=CC(=O)CCC2(C)C2CCC3(C)C(CCC34CCC(=O)O4)C12,-4.173,<rdkit.Chem.rdchem.Mol object at 0x15206ccb2e40>,29
Cc1ccc(O)cc1C,-1.38,<rdkit.Chem.rdchem.Mol object at 0x15206ccb2eb0>,9
c1ccc(Oc2ccccc2)cc1,-3.96,<rdkit.Chem.rdchem.Mol object at 0x15206ccb2f20>,13
Clc1cc(Cl)c(-c2cc(Cl)c(Cl)cc2Cl)cc1Cl,-8.56,<rdkit.Chem.rdchem.Mol object at 0x15206ccb2f90>,18
NC(=O)c1cccnc1,0.61,<rdkit.Chem.rdchem.Mol object at 0x15206ccb3040>,9
Sc1ccccc1,-2.12,<rdkit.Chem.rdchem.Mol object at 0x15206ccb30b0>,7
CNC(=O)Oc1cc(C)cc(C)c1,-2.5810000000000004,<rdkit.Chem.rdchem.Mol object at 0x15206ccb3120>,13
ClC1=C(Cl)C2(Cl)C3C(Cl)C(Cl)CC3C1(Cl)C2(Cl)Cl,-6.86,<rdkit.Chem.rdchem.Mol object at 0x15206ccb3190>,18
CSSC,-1.44,<rdkit.Chem.rdchem.Mol object at 0x15206ccb3200>,4
NC(=O)c1ccccc1,-0.96,<rdkit.Chem.rdchem.Mol object at 0x15206ccb3270>,9
Clc1ccccc1Br,-3.19,<rdkit.Chem.rdchem.Mol object at 0x15206ccb32e0>,8
COC(=O)c1ccccc1OC1OC(COC2OCC(O)C(O)C2O)C(O)C(O)C1O,-0.742,<rdkit.Chem.rdchem.Mol object at 0x15206ccb3350>,31
CCCCC(O)CC,-1.47,<rdkit.Chem.rdchem.Mol object at 0x15206ccb33c0>,8
CCN1c2ncccc2C(=O)Nc2c(C)cc(C)nc21,-4.553999999999999,<rdkit.Chem.rdchem.Mol object at 0x15206ccb3430>,20
Oc1cc(Cl)cc(Cl)c1,-1.34,<rdkit.Chem.rdchem.Mol object at 0x15206ccb34a0>,9
Cc1cccc2c1ccc1ccccc12,-5.85,<rdkit.Chem.rdchem.Mol object at 0x15206ccb3510>,15
CCCCC(CC)CO,-2.11,<rdkit.Chem.rdchem.Mol object at 0x15206ccb3580>,9
CC(C)N(C(=O)SCC(Cl)=CCl)C(C)C,-4.2860000000000005,<rdkit.Chem.rdchem.Mol object at 0x15206ccb35f0>,15
Cc1ccccc1,-2.21,<rdkit.Chem.rdchem.Mol object at 0x15206ccb3660>,7
Clc1cccc(C(Cl)(Cl)Cl)n1,-3.76,<rdkit.Chem.rdchem.Mol object at 0x15206ccb36d0>,11
C1=CCCCCC1,-3.18,<rdkit.Chem.rdchem.Mol object at 0x15206ccb3740>,7
CN(C)C(=S)SSC(=S)N(C)C,-3.9,<rdkit.Chem.rdchem.Mol object at 0x15206ccb37b0>,12
COC1=CC(=O)CC(C)C12Oc1c(Cl)c(OC)cc(OC)c1C2=O,-3.2460000000000004,<rdkit.Chem.rdchem.Mol object at 0x15206ccb3820>,24
CCCCCCCCCCO,-3.63,<rdkit.Chem.rdchem.Mol object at 0x15206ccb3890>,11
CCC(C)(C)CC,-4.23,<rdkit.Chem.rdchem.Mol object at 0x15206ccb3900>,7
CNC(=O)C(C)SCCSP(=O)(OC)OC,1.144,<rdkit.Chem.rdchem.Mol object at 0x15206ccb3970>,16
Oc1cc(Cl)c(Cl)c(Cl)c1Cl,-3.15,<rdkit.Chem.rdchem.Mol object at 0x15206ccb39e0>,11
CCCC=O,-0.01,<rdkit.Chem.rdchem.Mol object at 0x15206ccb3a50>,5
CC(=O)OCC(=O)C1(O)C(C)CC2C3CCC4=CC(=O)C=CC4(C)C3(F)C(O)CC21C,-4.9,<rdkit.Chem.rdchem.Mol object at 0x15206ccb3ac0>,31
CCCC,-2.57,<rdkit.Chem.rdchem.Mol object at 0x15206ccb3b30>,4
CC(=O)C1(O)CCC2C3CC(C)C4=CC(=O)C=CC4(C)C3(F)C(O)CC21C,-4.099,<rdkit.Chem.rdchem.Mol object at 0x15206ccb3ba0>,27
ClC(Cl)C(Cl)(Cl)Cl,-2.6,<rdkit.Chem.rdchem.Mol object at 0x15206ccb3c10>,7
CCOC(=O)c1ccccc1C(=O)OCC,-2.35,<rdkit.Chem.rdchem.Mol object at 0x15206ccb3c80>,16
CC(C)CO,0.1,<rdkit.Chem.rdchem.Mol object at 0x15206ccb3cf0>,5
CC(C)Cc1ccccc1,-4.12,<rdkit.Chem.rdchem.Mol object at 0x15206ccb3d60>,10
ICI,-2.34,<rdkit.Chem.rdchem.Mol object at 0x15206ccb3dd0>,3
CCCC(O)CCC,-1.4,<rdkit.Chem.rdchem.Mol object at 0x15206ccb3e40>,8
CCCCCOC(C)=O,-1.89,<rdkit.Chem.rdchem.Mol object at 0x15206ccb3eb0>,9
Oc1c(Cl)c(Cl)cc(Cl)c1Cl,-3.37,<rdkit.Chem.rdchem.Mol object at 0x15206ccb3f20>,11
CCCc1ccccc1,-3.37,<rdkit.Chem.rdchem.Mol object at 0x15206ccb3f90>,9
FC(F)(Cl)C(F)(F)Cl,-2.74,<rdkit.Chem.rdchem.Mol object at 0x15206ccb4040>,8
CC=CC=O,0.32,<rdkit.Chem.rdchem.Mol object at 0x15206ccb40b0>,5
CN(C)C(=O)N(C)C,0.94,<rdkit.Chem.rdchem.Mol object at 0x15206ccb4120>,8
Cc1cc(C)c(C)cc1C,-4.59,<rdkit.Chem.rdchem.Mol object at 0x15206ccb4190>,10
C#CC1(OC(C)=O)CCC2C3CCC4=CC(=O)CCC4C3CCC21C,-4.8,<rdkit.Chem.rdchem.Mol object at 0x15206ccb4200>,25
CCOP(=S)(OCC)N1C(=O)c2ccccc2C1=O,-3.35,<rdkit.Chem.rdchem.Mol object at 0x15206ccb4270>,19
O=C(Nc1ccccc1)c1ccccc1O,-3.59,<rdkit.Chem.rdchem.Mol object at 0x15206ccb42e0>,16
C=C(Cl)CSC(=S)N(CC)CC,-3.39,<rdkit.Chem.rdchem.Mol object at 0x15206ccb4350>,12
CCCl,-1.06,<rdkit.Chem.rdchem.Mol object at 0x15206ccb43c0>,3
CC(=O)Nc1cc(NS(=O)(=O)C(F)(F)F)c(C)cc1C,-3.24,<rdkit.Chem.rdchem.Mol object at 0x15206ccb4430>,20
O=C(C=CC=Cc1ccc2c(c1)OCO2)N1CCCCC1,-3.46,<rdkit.Chem.rdchem.Mol object at 0x15206ccb44a0>,21
C/C=C\CC,-2.54,<rdkit.Chem.rdchem.Mol object at 0x15206ccb4510>,5
CNC(=O)ON=C(CSC)C(C)(C)C,-1.62,<rdkit.Chem.rdchem.Mol object at 0x15206ccb4580>,14
O=C1NC(=O)C2(CCCCCCC2)C(=O)N1,-2.982,<rdkit.Chem.rdchem.Mol object at 0x15206ccb45f0>,16
CNC(=O)Oc1cc(C(C)(C)C)cc(C(C)(C)C)c1,-4.24,<rdkit.Chem.rdchem.Mol object at 0x15206ccb4660>,19
O=C1CC(c2ccc(O)c(O)c2)Oc2cc(O)cc(O)c21,-3.62,<rdkit.Chem.rdchem.Mol object at 0x15206ccb46d0>,21
O=C(c1ccccc1)c1ccccc1,-3.12,<rdkit.Chem.rdchem.Mol object at 0x15206ccb4740>,14
CCCCCCCCCCCCCCCCCCCC,-8.172,<rdkit.Chem.rdchem.Mol object at 0x15206ccb47b0>,20
c1ccc(NNc2ccccc2)cc1,-2.92,<rdkit.Chem.rdchem.Mol object at 0x15206ccb4820>,14
CCC(CC)CO,-1.17,<rdkit.Chem.rdchem.Mol object at 0x15206ccb4890>,7
Oc1ccncc1,1.02,<rdkit.Chem.rdchem.Mol object at 0x15206ccb4900>,7
Cl/C=C\Cl,-1.3,<rdkit.Chem.rdchem.Mol object at 0x15206ccb4970>,4
CC1CCCC1,-3.3,<rdkit.Chem.rdchem.Mol object at 0x15206ccb49e0>,6
CC(C)CC(C)O,-0.8,<rdkit.Chem.rdchem.Mol object at 0x15206ccb4a50>,7
Cc1ccc2c(c1)C(=O)N(C)c1cc(N)ccc1O2,-3.928,<rdkit.Chem.rdchem.Mol object at 0x15206ccb4ac0>,19
CC(C)(C)CO,-0.4,<rdkit.Chem.rdchem.Mol object at 0x15206ccb4b30>,6
CC(C)(C)C(=O)C(Oc1ccc(Cl)cc1)n1cncn1,-3.61,<rdkit.Chem.rdchem.Mol object at 0x15206ccb4ba0>,20
Cc1cc(C(=O)NNCc2ccccc2)no1,-2.461,<rdkit.Chem.rdchem.Mol object at 0x15206ccb4c10>,17
C=CC,-1.08,<rdkit.Chem.rdchem.Mol object at 0x15206ccb4c80>,3
Oc1ccc(Cl)cc1Cc1cc(Cl)ccc1O,-3.953,<rdkit.Chem.rdchem.Mol object at 0x15206ccb4cf0>,17
CCOC(=O)Nc1cccc(OC(=O)Nc2ccccc2)c1,-4.632,<rdkit.Chem.rdchem.Mol object at 0x15206ccb4d60>,22
O=C1c2ccccc2C(=O)c2ccccc21,-5.19,<rdkit.Chem.rdchem.Mol object at 0x15206ccb4dd0>,16
CCCCCCC(C)O,-2.09,<rdkit.Chem.rdchem.Mol object at 0x15206ccb4e40>,9
CC1=C(C(=O)Nc2ccccc2)S(=O)(=O)CCO1,-2.281,<rdkit.Chem.rdchem.Mol object at 0x15206ccb4eb0>,18
CCCCc1ccccc1,-4.06,<rdkit.Chem.rdchem.Mol object at 0x15206ccb4f20>,10
O=C1NC(=O)C(=O)N1,-0.4,<rdkit.Chem.rdchem.Mol object at 0x15206ccb4f90>,8
COP(=S)(OC)Oc1ccc(Sc2ccc(OP(=S)(OC)OC)cc2)cc1,-6.237,<rdkit.Chem.rdchem.Mol object at 0x15206ccb5040>,27
NS(=O)(=O)c1cc(C2(O)NC(=O)c3ccccc32)ccc1Cl,-3.451,<rdkit.Chem.rdchem.Mol object at 0x15206ccb50b0>,22
CC(=O)OCC(C)C,-1.21,<rdkit.Chem.rdchem.Mol object at 0x15206ccb5120>,8
CC(C)C(C)(C)C,-4.36,<rdkit.Chem.rdchem.Mol object at 0x15206ccb5190>,7
Clc1ccc(-c2c(Cl)cc(Cl)c(Cl)c2Cl)c(Cl)c1Cl,-7.66,<rdkit.Chem.rdchem.Mol object at 0x15206ccb5200>,19
N#Cc1ccccc1C#N,-2.38,<rdkit.Chem.rdchem.Mol object at 0x15206ccb5270>,10
Cc1cccc([N+](=O)[O-])c1,-2.44,<rdkit.Chem.rdchem.Mol object at 0x15206ccb52e0>,10
FC(F)(F)C(Cl)Br,-1.71,<rdkit.Chem.rdchem.Mol object at 0x15206ccb5350>,7
CNC(=O)ON=C(SC)C(=O)N(C)C,0.106,<rdkit.Chem.rdchem.Mol object at 0x15206ccb53c0>,14
CCSCCSP(=S)(OC)OC,-3.091,<rdkit.Chem.rdchem.Mol object at 0x15206ccb5430>,12
CCC(C)C,-3.18,<rdkit.Chem.rdchem.Mol object at 0x15206ccb54a0>,5
COP(=O)(OC)OC(=CCl)c1cc(Cl)c(Cl)cc1Cl,-4.522,<rdkit.Chem.rdchem.Mol object at 0x15206ccb5510>,19
